TYPE_MOUVEMENT;CODE_ARTICLE;MAIN_EAN;CODE_PRODUCT;SHORT_LABEL;LONG_LABEL;CODE_SEASON;CODE_SUPPLIER;CODE_FAMILY;CODE_NGP;CODE_COLOR;CODE_SIZE;PRIMARY_TYPE_TAG;SECONDARY_TYPE_TAG;SELLING_PRICE;BUYING_PRICE;URL_PICTURE;TRACEABILITY_MODE;SUPPLIER_REF;END_PRODUCT;QUANTITY;UNIT;FIDELITY_PRICE;USERFIELD_1;USERFIELD_2;USERFIELD_3;USERFIELD_4;USERFIELD_5;CODE_BRAND;PRICE_COMPARISON_UNIT;PRICE_COMPARISON_DIVIDER;RANK
M;[7615523507993][SJM04AA0M23090124A];2000351390001;7615523507993;Scott Aspect 930 Black M - 290234;;;;Mountain Bike;;;;Multi;Multi;1237.63;1237.63;;;;;;;;;;;;SJM04AA0M23090124A;;;;
M;[7615523507993][SJM04AA0M23090128A];2002536490407;7615523507993;Scott Aspect 930 Black M - 290234;;;;Mountain Bike;;;;Multi;Multi;1237.63;1237.63;;;;;;;;;;;;SJM04AA0M23090128A;;;;
M;[7615523507993][SJM04AA0M23090182A];2008339540608;7615523507993;Scott Aspect 930 Black M - 290234;;;;Mountain Bike;;;;Multi;Multi;1237.63;1237.63;;;;;;;;;;;;SJM04AA0M23090182A;;;;
M;[7615523507993][SJM04AA0M23090186A];2008275200505;7615523507993;Scott Aspect 930 Black M - 290234;;;;Mountain Bike;;;;Multi;Multi;1237.63;1237.63;;;;;;;;;;;;SJM04AA0M23090186A;;;;
M;[7615523507993][SJM04AA0M23090195A];2009034777900;7615523507993;Scott Aspect 930 Black M - 290234;;;;Mountain Bike;;;;Multi;Multi;1237.63;1237.63;;;;;;;;;;;;SJM04AA0M23090195A;;;;
M;[7615523507993][SJM04AA0M23090212A];2005449707204;7615523507993;Scott Aspect 930 Black M - 290234;;;;Mountain Bike;;;;Multi;Multi;1237.63;1237.63;;;;;;;;;;;;SJM04AA0M23090212A;;;;
M;[7615523764785][AS30397560];2006584628607;7615523764785;Scott Aspect 940 Orange M - 296302;;;;Mountain Bike;;;;Multi;Multi;1497.9043;1497.9043;;;;;;;;;;;;AS30397560;;;;
M;[7615523764785][AS30397574];2004523003508;7615523764785;Scott Aspect 940 Orange M - 296302;;;;Mountain Bike;;;;Multi;Multi;1497.9043;1497.9043;;;;;;;;;;;;AS30397574;;;;
M;[7616185378495][SAM38AA0M25103803];2008375007608;7616185378495;Scott Contrail 30 Luminary Green M - 425634;;;;Mountain Bike;;;;Multi;Multi;1039.4024;1039.4024;;;;;;;;;;;;SAM38AA0M25103803;;;;
M;[7616185377603][STM34F30M25050126A];2003154706604;7616185377603;Scott Spark RC Team Issue Twinkle Green M - 425321;;;;Mountain Bike;;;;Multi;Multi;9728.4525;9728.4525;;;;;;;;;;;;STM34F30M25050126A;;;;
M;[7615523502233][SGM08F30S23050015A];2007488170902;7615523502233;Scott Genius 910 Black/Green S - 290139;;;;Mountain Bike;;;;Multi;Multi;12131.82;12131.82;;;;;;;;;;;;SGM08F30S23050015A;;;;
M;[7615523545858][DGM01F5XL23010032A];2001305874707;7615523545858;BOLD Unplugged Ultimate X01 AXS  Bike XL;;;;Mountain Bike;;;;Multi;Multi;6543.1722;6543.1722;;;;;;;;;;;;DGM01F5XL23010032A;;;;
M;[7616185016038][STM29D1XL23040018N];2008183027300;7616185016038;Scott Spark 920 TR Prism Grey/Green XL - 420644;;;;Mountain Bike;;;;Multi;Multi;9476.26;9476.26;;;;;;;;;;;;STM29D1XL23040018N;;;;
M;[7615523503285][SFM01FA0022090027A];2008420875602;7615523503285;Scott Voltage YZ 0.1 - 290160;;;;Mountain Bike;;;;Multi;Multi;1653.1341;1653.1341;;;;;;;;;;;;SFM01FA0022090027A;;;;
M;[7615523503285][SFM01FA0022090111A];2007826886908;7615523503285;Scott Voltage YZ 0.1 - 290160;;;;Mountain Bike;;;;Multi;Multi;1653.1341;1653.1341;;;;;;;;;;;;SFM01FA0022090111A;;;;
M;[7615523503285][SFM01FA0022090148A];2002185683205;7615523503285;Scott Voltage YZ 0.1 - 290160;;;;Mountain Bike;;;;Multi;Multi;1653.1341;1653.1341;;;;;;;;;;;;SFM01FA0022090148A;;;;
M;[7615523503285][SFM01FA0022090208A];2002554747408;7615523503285;Scott Voltage YZ 0.1 - 290160;;;;Mountain Bike;;;;Multi;Multi;1653.1341;1653.1341;;;;;;;;;;;;SFM01FA0022090208A;;;;
M;[7615523512645][SJM07AA0M23090003A];2004056010509;7615523512645;Scott Contessa Active 20 Black M - 290324;;;;Mountain Bike;;;;Multi;Multi;1234.13;1234.13;;;;;;;;;;;;SJM07AA0M23090003A;;;;
M;[7615523512645][SJM07AA0M23090005A];2008752706704;7615523512645;Scott Contessa Active 20 Black M - 290324;;;;Mountain Bike;;;;Multi;Multi;1234.13;1234.13;;;;;;;;;;;;SJM07AA0M23090005A;;;;
M;[7615523512645][SJM07AA0M23090006A];2000213713306;7615523512645;Scott Contessa Active 20 Black M - 290324;;;;Mountain Bike;;;;Multi;Multi;1234.13;1234.13;;;;;;;;;;;;SJM07AA0M23090006A;;;;
M;[7615523512645][SJM07AA0M23090007A];2008677374705;7615523512645;Scott Contessa Active 20 Black M - 290324;;;;Mountain Bike;;;;Multi;Multi;1234.13;1234.13;;;;;;;;;;;;SJM07AA0M23090007A;;;;
M;[7615523512645][SJM07AA0M23090014A];2005080308402;7615523512645;Scott Contessa Active 20 Black M - 290324;;;;Mountain Bike;;;;Multi;Multi;1234.13;1234.13;;;;;;;;;;;;SJM07AA0M23090014A;;;;
M;[7615523512645][SJM07AA0M23090016A];2008528391608;7615523512645;Scott Contessa Active 20 Black M - 290324;;;;Mountain Bike;;;;Multi;Multi;1234.13;1234.13;;;;;;;;;;;;SJM07AA0M23090016A;;;;
M;[7615523512645][SJM07AA0M23090017A];2008665625604;7615523512645;Scott Contessa Active 20 Black M - 290324;;;;Mountain Bike;;;;Multi;Multi;1234.13;1234.13;;;;;;;;;;;;SJM07AA0M23090017A;;;;
M;[7615523512645][SJM07AA0M23090018A];2004222881407;7615523512645;Scott Contessa Active 20 Black M - 290324;;;;Mountain Bike;;;;Multi;Multi;1234.13;1234.13;;;;;;;;;;;;SJM07AA0M23090018A;;;;
M;[7615523512645][SJM07AA0M23090022A];2004719132906;7615523512645;Scott Contessa Active 20 Black M - 290324;;;;Mountain Bike;;;;Multi;Multi;1234.13;1234.13;;;;;;;;;;;;SJM07AA0M23090022A;;;;
M;[7615523512645][SJM07AA0M23090027A];2004385382704;7615523512645;Scott Contessa Active 20 Black M - 290324;;;;Mountain Bike;;;;Multi;Multi;1234.13;1234.13;;;;;;;;;;;;SJM07AA0M23090027A;;;;
M;[7615523512645][SJM07AA0M23090028A];2004544413805;7615523512645;Scott Contessa Active 20 Black M - 290324;;;;Mountain Bike;;;;Multi;Multi;1234.13;1234.13;;;;;;;;;;;;SJM07AA0M23090028A;;;;
M;[7616185376583][SCM31A30M25070318A];2002973119909;7616185376583;Scott Scale 920 Carbon Black M - 425464;;;;Mountain Bike;;;;Multi;Multi;3290.56;3290.56;;;;;;;;;;;;SCM31A30M25070318A;;;;
M;[7616185376583][SCM31A30M25090116A];2007458446600;7616185376583;Scott Scale 920 Carbon Black M - 425464;;;;Mountain Bike;;;;Multi;Multi;3290.56;3290.56;;;;;;;;;;;;SCM31A30M25090116A;;;;
M;[7616185376590][SCM31A30L25080195A];2007544871507;7616185376590;Scott Scale 920 Carbon Black L - 425464;;;;Mountain Bike;;;;Multi;Multi;3290.56;3290.56;;;;;;;;;;;;SCM31A30L25080195A;;;;
M;[7616185376590][SCM31A30L25080208A];2007658112503;7616185376590;Scott Scale 920 Carbon Black L - 425464;;;;Mountain Bike;;;;Multi;Multi;3290.56;3290.56;;;;;;;;;;;;SCM31A30L25080208A;;;;
M;[7616185376590][SCM31A30L25090232A];2003026633809;7616185376590;Scott Scale 920 Carbon Black L - 425464;;;;Mountain Bike;;;;Multi;Multi;3290.56;3290.56;;;;;;;;;;;;SCM31A30L25090232A;;;;
M;[7616185379362][SAM38AA0M25121169];2007085464909;7616185379362;Scott Contrail 10 Black M - 425632;;;;Mountain Bike;;;;Multi;Multi;1450.7955;1450.7955;;;;;;;;;;;;SAM38AA0M25121169;;;;
M;[7616185379362][SAM38AA0M25121540];2008856223008;7616185379362;Scott Contrail 10 Black M - 425632;;;;Mountain Bike;;;;Multi;Multi;1450.7955;1450.7955;;;;;;;;;;;;SAM38AA0M25121540;;;;
M;[7616185379430][SAM38AA0L25122024];2006399172401;7616185379430;Scott Contrail 10 Cumulus White L - 425632;;;;Mountain Bike;;;;Multi;Multi;1450.7955;1450.7955;;;;;;;;;;;;SAM38AA0L25122024;;;;
M;[7616185379423][SAM38AA0M25121287];2001903738609;7616185379423;Scott Contrail 10 Cumulus White M - 425632;;;;Mountain Bike;;;;Multi;Multi;1450.7955;1450.7955;;;;;;;;;;;;SAM38AA0M25121287;;;;
M;[7616185379423][SAM38AA0M26012015];2003284756609;7616185379423;Scott Contrail 10 Cumulus White M - 425632;;;;Mountain Bike;;;;Multi;Multi;1450.7955;1450.7955;;;;;;;;;;;;SAM38AA0M26012015;;;;
M;[7616185379423][SAM38AA0M26012074];2007096701307;7616185379423;Scott Contrail 10 Cumulus White M - 425632;;;;Mountain Bike;;;;Multi;Multi;1450.7955;1450.7955;;;;;;;;;;;;SAM38AA0M26012074;;;;
M;[7616185379027][SAM38AA0M25120346];2000818641103;7616185379027;Scott Contrail 20 Tropic Blue M - 425633;;;;Mountain Bike;;;;Multi;Multi;1219.4028;1219.4028;;;;;;;;;;;;SAM38AA0M25120346;;;;
M;[7616185379027][SAM38AA0M25121366];2001266470505;7616185379027;Scott Contrail 20 Tropic Blue M - 425633;;;;Mountain Bike;;;;Multi;Multi;1219.4028;1219.4028;;;;;;;;;;;;SAM38AA0M25121366;;;;
M;[7616185379027][SAM38AA0M25122072];2007035048906;7616185379027;Scott Contrail 20 Tropic Blue M - 425633;;;;Mountain Bike;;;;Multi;Multi;1219.4028;1219.4028;;;;;;;;;;;;SAM38AA0M25122072;;;;
M;[7616185378495][SAM38AA0M25121250];2005300407304;7616185378495;Scott Contrail 30 Luminary Green M - 425634;;;;Mountain Bike;;;;Multi;Multi;1039.4024;1039.4024;;;;;;;;;;;;SAM38AA0M25121250;;;;
M;[7616185378495][SAM38AA0M25121471];2006150875602;7616185378495;Scott Contrail 30 Luminary Green M - 425634;;;;Mountain Bike;;;;Multi;Multi;1039.4024;1039.4024;;;;;;;;;;;;SAM38AA0M25121471;;;;
M;[7616185378495][SAM38AA0M25122130];2004617794909;7616185378495;Scott Contrail 30 Luminary Green M - 425634;;;;Mountain Bike;;;;Multi;Multi;1039.4024;1039.4024;;;;;;;;;;;;SAM38AA0M25122130;;;;
M;[7616185446743][SAM38AAXS26042409];2006224604602;7616185446743;Scott Contrail 40 Black XS - 426933;;;;Mountain Bike;;;;Multi;Multi;911.9552;911.9552;;;;;;;;;;;;SAM38AAXS26042409;;;;
M;[7616185446743][SAM38AAXS26042411];2008988225703;7616185446743;Scott Contrail 40 Black XS - 426933;;;;Mountain Bike;;;;Multi;Multi;911.9552;911.9552;;;;;;;;;;;;SAM38AAXS26042411;;;;
M;[7616185446743][SAM38AAXS26042482];2008577468405;7616185446743;Scott Contrail 40 Black XS - 426933;;;;Mountain Bike;;;;Multi;Multi;911.9552;911.9552;;;;;;;;;;;;SAM38AAXS26042482;;;;
M;[7616185446743][SAM38AAXS26042487];2008407271809;7616185446743;Scott Contrail 40 Black XS - 426933;;;;Mountain Bike;;;;Multi;Multi;911.9552;911.9552;;;;;;;;;;;;SAM38AAXS26042487;;;;
M;[7616185446743][SAM38AAXS26042491];2006333806607;7616185446743;Scott Contrail 40 Black XS - 426933;;;;Mountain Bike;;;;Multi;Multi;911.9552;911.9552;;;;;;;;;;;;SAM38AAXS26042491;;;;
M;[7616185446743][SAM38AAXS26042741];2009131176903;7616185446743;Scott Contrail 40 Black XS - 426933;;;;Mountain Bike;;;;Multi;Multi;911.9552;911.9552;;;;;;;;;;;;SAM38AAXS26042741;;;;
M;[7616185446743][SAM38AAXS26042746];2008575468605;7616185446743;Scott Contrail 40 Black XS - 426933;;;;Mountain Bike;;;;Multi;Multi;911.9552;911.9552;;;;;;;;;;;;SAM38AAXS26042746;;;;
M;[7616185446743][SAM38AAXS26042748];2002926651708;7616185446743;Scott Contrail 40 Black XS - 426933;;;;Mountain Bike;;;;Multi;Multi;911.9552;911.9552;;;;;;;;;;;;SAM38AAXS26042748;;;;
M;[7616185446743][SAM38AAXS26042739];2007412848808;7616185446743;Scott Contrail 40 Black XS - 426933;;;;Mountain Bike;;;;Multi;Multi;911.9552;911.9552;;;;;;;;;;;;SAM38AAXS26042739;;;;
M;[7616185446750][SAM38AA0S26041873];2006383906708;7616185446750;Scott Contrail 40 Black S - 426933;;;;Mountain Bike;;;;Multi;Multi;911.9552;911.9552;;;;;;;;;;;;SAM38AA0S26041873;;;;
M;[7616185446750][SAM38AA0S26042283];2003568228006;7616185446750;Scott Contrail 40 Black S - 426933;;;;Mountain Bike;;;;Multi;Multi;911.9552;911.9552;;;;;;;;;;;;SAM38AA0S26042283;;;;
M;[7616185446750][SAM38AA0S26042285];2004462521903;7616185446750;Scott Contrail 40 Black S - 426933;;;;Mountain Bike;;;;Multi;Multi;911.9552;911.9552;;;;;;;;;;;;SAM38AA0S26042285;;;;
M;[7616185446750][SAM38AA0S26042288];2009416508504;7616185446750;Scott Contrail 40 Black S - 426933;;;;Mountain Bike;;;;Multi;Multi;911.9552;911.9552;;;;;;;;;;;;SAM38AA0S26042288;;;;
M;[7616185446750][SAM38AA0S26042292];2004369457503;7616185446750;Scott Contrail 40 Black S - 426933;;;;Mountain Bike;;;;Multi;Multi;911.9552;911.9552;;;;;;;;;;;;SAM38AA0S26042292;;;;
M;[7616185446750][SAM38AA0S26042424];2006458688607;7616185446750;Scott Contrail 40 Black S - 426933;;;;Mountain Bike;;;;Multi;Multi;911.9552;911.9552;;;;;;;;;;;;SAM38AA0S26042424;;;;
M;[7616185446750][SAM38AA0S26042553];2009822352104;7616185446750;Scott Contrail 40 Black S - 426933;;;;Mountain Bike;;;;Multi;Multi;911.9552;911.9552;;;;;;;;;;;;SAM38AA0S26042553;;;;
M;[7616185446750][SAM38AA0S26042756];2007676273507;7616185446750;Scott Contrail 40 Black S - 426933;;;;Mountain Bike;;;;Multi;Multi;911.9552;911.9552;;;;;;;;;;;;SAM38AA0S26042756;;;;
M;[7616185446750][SAM38AA0S26042759];2003979604901;7616185446750;Scott Contrail 40 Black S - 426933;;;;Mountain Bike;;;;Multi;Multi;911.9552;911.9552;;;;;;;;;;;;SAM38AA0S26042759;;;;
M;[7616185446750][SAM38AA0S26042761];2003874327400;7616185446750;Scott Contrail 40 Black S - 426933;;;;Mountain Bike;;;;Multi;Multi;911.9552;911.9552;;;;;;;;;;;;SAM38AA0S26042761;;;;
M;[7616185446750][SAM38AA0S26041878];2009588102807;7616185446750;Scott Contrail 40 Black S - 426933;;;;Mountain Bike;;;;Multi;Multi;911.9552;911.9552;;;;;;;;;;;;SAM38AA0S26041878;;;;
M;[7616185446750][SAM38AA0S26042293];2009841535502;7616185446750;Scott Contrail 40 Black S - 426933;;;;Mountain Bike;;;;Multi;Multi;911.9552;911.9552;;;;;;;;;;;;SAM38AA0S26042293;;;;
M;[7616185446750][SAM38AA0S26042295];2004587580908;7616185446750;Scott Contrail 40 Black S - 426933;;;;Mountain Bike;;;;Multi;Multi;911.9552;911.9552;;;;;;;;;;;;SAM38AA0S26042295;;;;
M;[7616185446750][SAM38AA0S26042303];2005521130401;7616185446750;Scott Contrail 40 Black S - 426933;;;;Mountain Bike;;;;Multi;Multi;911.9552;911.9552;;;;;;;;;;;;SAM38AA0S26042303;;;;
M;[7616185446750][SAM38AA0S26042419];2001034212702;7616185446750;Scott Contrail 40 Black S - 426933;;;;Mountain Bike;;;;Multi;Multi;911.9552;911.9552;;;;;;;;;;;;SAM38AA0S26042419;;;;
M;[7616185446750][SAM38AA0S26042420];2001513831509;7616185446750;Scott Contrail 40 Black S - 426933;;;;Mountain Bike;;;;Multi;Multi;911.9552;911.9552;;;;;;;;;;;;SAM38AA0S26042420;;;;
M;[7616185446750][SAM38AA0S26042551];2000512436906;7616185446750;Scott Contrail 40 Black S - 426933;;;;Mountain Bike;;;;Multi;Multi;911.9552;911.9552;;;;;;;;;;;;SAM38AA0S26042551;;;;
M;[7616185446750][SAM38AA0S26042750];2000357024207;7616185446750;Scott Contrail 40 Black S - 426933;;;;Mountain Bike;;;;Multi;Multi;911.9552;911.9552;;;;;;;;;;;;SAM38AA0S26042750;;;;
M;[7616185446750][SAM38AA0S26042754];2006302549009;7616185446750;Scott Contrail 40 Black S - 426933;;;;Mountain Bike;;;;Multi;Multi;911.9552;911.9552;;;;;;;;;;;;SAM38AA0S26042754;;;;
M;[7616185446750][SAM38AA0S26042758];2000271175900;7616185446750;Scott Contrail 40 Black S - 426933;;;;Mountain Bike;;;;Multi;Multi;911.9552;911.9552;;;;;;;;;;;;SAM38AA0S26042758;;;;
M;[7616185446767][SAM38AA0M26041884];2009087918800;7616185446767;Scott Contrail 40 Black M - 426933;;;;Mountain Bike;;;;Multi;Multi;911.9552;911.9552;;;;;;;;;;;;SAM38AA0M26041884;;;;
M;[7616185446767][SAM38AA0M26041889];2004211959704;7616185446767;Scott Contrail 40 Black M - 426933;;;;Mountain Bike;;;;Multi;Multi;911.9552;911.9552;;;;;;;;;;;;SAM38AA0M26041889;;;;
M;[7616185446767][SAM38AA0M26041890];2003717993106;7616185446767;Scott Contrail 40 Black M - 426933;;;;Mountain Bike;;;;Multi;Multi;911.9552;911.9552;;;;;;;;;;;;SAM38AA0M26041890;;;;
M;[7616185446767][SAM38AA0M26041896];2004930179209;7616185446767;Scott Contrail 40 Black M - 426933;;;;Mountain Bike;;;;Multi;Multi;911.9552;911.9552;;;;;;;;;;;;SAM38AA0M26041896;;;;
M;[7616185446767][SAM38AA0M26041916];2006707150107;7616185446767;Scott Contrail 40 Black M - 426933;;;;Mountain Bike;;;;Multi;Multi;911.9552;911.9552;;;;;;;;;;;;SAM38AA0M26041916;;;;
M;[7616185446767][SAM38AA0M26041925];2004598245001;7616185446767;Scott Contrail 40 Black M - 426933;;;;Mountain Bike;;;;Multi;Multi;911.9552;911.9552;;;;;;;;;;;;SAM38AA0M26041925;;;;
M;[7616185446767][SAM38AA0M26041928];2008127816700;7616185446767;Scott Contrail 40 Black M - 426933;;;;Mountain Bike;;;;Multi;Multi;911.9552;911.9552;;;;;;;;;;;;SAM38AA0M26041928;;;;
M;[7616185446767][SAM38AA0M26041945];2009698073509;7616185446767;Scott Contrail 40 Black M - 426933;;;;Mountain Bike;;;;Multi;Multi;911.9552;911.9552;;;;;;;;;;;;SAM38AA0M26041945;;;;
M;[7616185446767][SAM38AA0M26041948];2006972298900;7616185446767;Scott Contrail 40 Black M - 426933;;;;Mountain Bike;;;;Multi;Multi;911.9552;911.9552;;;;;;;;;;;;SAM38AA0M26041948;;;;
M;[7616185446767][SAM38AA0M26042309];2000118806707;7616185446767;Scott Contrail 40 Black M - 426933;;;;Mountain Bike;;;;Multi;Multi;911.9552;911.9552;;;;;;;;;;;;SAM38AA0M26042309;;;;
M;[7616185446767][SAM38AA0M26042313];2009579915904;7616185446767;Scott Contrail 40 Black M - 426933;;;;Mountain Bike;;;;Multi;Multi;911.9552;911.9552;;;;;;;;;;;;SAM38AA0M26042313;;;;
M;[7616185446767][SAM38AA0M26042315];2004594687904;7616185446767;Scott Contrail 40 Black M - 426933;;;;Mountain Bike;;;;Multi;Multi;911.9552;911.9552;;;;;;;;;;;;SAM38AA0M26042315;;;;
M;[7616185446767][SAM38AA0M26042317];2001100397104;7616185446767;Scott Contrail 40 Black M - 426933;;;;Mountain Bike;;;;Multi;Multi;911.9552;911.9552;;;;;;;;;;;;SAM38AA0M26042317;;;;
M;[7616185446767][SAM38AA0M26042318];2000758854908;7616185446767;Scott Contrail 40 Black M - 426933;;;;Mountain Bike;;;;Multi;Multi;911.9552;911.9552;;;;;;;;;;;;SAM38AA0M26042318;;;;
M;[7616185446767][SAM38AA0M26042426];2008423298606;7616185446767;Scott Contrail 40 Black M - 426933;;;;Mountain Bike;;;;Multi;Multi;911.9552;911.9552;;;;;;;;;;;;SAM38AA0M26042426;;;;
M;[7616185446767][SAM38AA0M26042573];2001171962003;7616185446767;Scott Contrail 40 Black M - 426933;;;;Mountain Bike;;;;Multi;Multi;911.9552;911.9552;;;;;;;;;;;;SAM38AA0M26042573;;;;
M;[7616185446767][SAM38AA0M26042588];2001670517605;7616185446767;Scott Contrail 40 Black M - 426933;;;;Mountain Bike;;;;Multi;Multi;911.9552;911.9552;;;;;;;;;;;;SAM38AA0M26042588;;;;
M;[7616185446767][SAM38AA0M26042603];2001524299305;7616185446767;Scott Contrail 40 Black M - 426933;;;;Mountain Bike;;;;Multi;Multi;911.9552;911.9552;;;;;;;;;;;;SAM38AA0M26042603;;;;
M;[7616185446767][SAM38AA0M26042775];2001483234003;7616185446767;Scott Contrail 40 Black M - 426933;;;;Mountain Bike;;;;Multi;Multi;911.9552;911.9552;;;;;;;;;;;;SAM38AA0M26042775;;;;
M;[7616185446767][SAM38AA0M26042781];2009216953504;7616185446767;Scott Contrail 40 Black M - 426933;;;;Mountain Bike;;;;Multi;Multi;911.9552;911.9552;;;;;;;;;;;;SAM38AA0M26042781;;;;
M;[7616185446767][SAM38AA0M26042789];2009501155408;7616185446767;Scott Contrail 40 Black M - 426933;;;;Mountain Bike;;;;Multi;Multi;911.9552;911.9552;;;;;;;;;;;;SAM38AA0M26042789;;;;
M;[7616185446767][SAM38AA0M26042792];2008282854302;7616185446767;Scott Contrail 40 Black M - 426933;;;;Mountain Bike;;;;Multi;Multi;911.9552;911.9552;;;;;;;;;;;;SAM38AA0M26042792;;;;
M;[7616185446767][SAM38AA0M26042793];2002703990006;7616185446767;Scott Contrail 40 Black M - 426933;;;;Mountain Bike;;;;Multi;Multi;911.9552;911.9552;;;;;;;;;;;;SAM38AA0M26042793;;;;
M;[7616185446767][SAM38AA0M26042795];2000545266600;7616185446767;Scott Contrail 40 Black M - 426933;;;;Mountain Bike;;;;Multi;Multi;911.9552;911.9552;;;;;;;;;;;;SAM38AA0M26042795;;;;
M;[7616185446767][SAM38AA0M26042796];2009646439401;7616185446767;Scott Contrail 40 Black M - 426933;;;;Mountain Bike;;;;Multi;Multi;911.9552;911.9552;;;;;;;;;;;;SAM38AA0M26042796;;;;
M;[7616185446774][SAM38AA0L26041967];2004694102406;7616185446774;Scott Contrail 40 Black L - 426933;;;;Mountain Bike;;;;Multi;Multi;911.9552;911.9552;;;;;;;;;;;;SAM38AA0L26041967;;;;
M;[7616185446774][SAM38AA0L26041997];2002885536306;7616185446774;Scott Contrail 40 Black L - 426933;;;;Mountain Bike;;;;Multi;Multi;911.9552;911.9552;;;;;;;;;;;;SAM38AA0L26041997;;;;
M;[7616185446774][SAM38AA0L26041999];2003209265605;7616185446774;Scott Contrail 40 Black L - 426933;;;;Mountain Bike;;;;Multi;Multi;911.9552;911.9552;;;;;;;;;;;;SAM38AA0L26041999;;;;
M;[7616185446774][SAM38AA0L26042002];2009998729205;7616185446774;Scott Contrail 40 Black L - 426933;;;;Mountain Bike;;;;Multi;Multi;911.9552;911.9552;;;;;;;;;;;;SAM38AA0L26042002;;;;
M;[7616185446774][SAM38AA0L26042006];2003433285301;7616185446774;Scott Contrail 40 Black L - 426933;;;;Mountain Bike;;;;Multi;Multi;911.9552;911.9552;;;;;;;;;;;;SAM38AA0L26042006;;;;
M;[7616185446774][SAM38AA0L26042007];2001495434705;7616185446774;Scott Contrail 40 Black L - 426933;;;;Mountain Bike;;;;Multi;Multi;911.9552;911.9552;;;;;;;;;;;;SAM38AA0L26042007;;;;
M;[7616185446774][SAM38AA0L26042010];2005091475100;7616185446774;Scott Contrail 40 Black L - 426933;;;;Mountain Bike;;;;Multi;Multi;911.9552;911.9552;;;;;;;;;;;;SAM38AA0L26042010;;;;
M;[7616185446774][SAM38AA0L26042012];2005233927108;7616185446774;Scott Contrail 40 Black L - 426933;;;;Mountain Bike;;;;Multi;Multi;911.9552;911.9552;;;;;;;;;;;;SAM38AA0L26042012;;;;
M;[7616185446774][SAM38AA0L26042021];2006615926702;7616185446774;Scott Contrail 40 Black L - 426933;;;;Mountain Bike;;;;Multi;Multi;911.9552;911.9552;;;;;;;;;;;;SAM38AA0L26042021;;;;
M;[7616185446774][SAM38AA0L26042022];2009107070600;7616185446774;Scott Contrail 40 Black L - 426933;;;;Mountain Bike;;;;Multi;Multi;911.9552;911.9552;;;;;;;;;;;;SAM38AA0L26042022;;;;
M;[7616185446774][SAM38AA0L26042029];2008102063709;7616185446774;Scott Contrail 40 Black L - 426933;;;;Mountain Bike;;;;Multi;Multi;911.9552;911.9552;;;;;;;;;;;;SAM38AA0L26042029;;;;
M;[7616185446774][SAM38AA0L26042031];2008968083200;7616185446774;Scott Contrail 40 Black L - 426933;;;;Mountain Bike;;;;Multi;Multi;911.9552;911.9552;;;;;;;;;;;;SAM38AA0L26042031;;;;
M;[7616185446774][SAM38AA0L26042618];2001942182203;7616185446774;Scott Contrail 40 Black L - 426933;;;;Mountain Bike;;;;Multi;Multi;911.9552;911.9552;;;;;;;;;;;;SAM38AA0L26042618;;;;
M;[7616185446774][SAM38AA0L26042619];2002568338302;7616185446774;Scott Contrail 40 Black L - 426933;;;;Mountain Bike;;;;Multi;Multi;911.9552;911.9552;;;;;;;;;;;;SAM38AA0L26042619;;;;
M;[7616185446774][SAM38AA0L26042800];2003112523007;7616185446774;Scott Contrail 40 Black L - 426933;;;;Mountain Bike;;;;Multi;Multi;911.9552;911.9552;;;;;;;;;;;;SAM38AA0L26042800;;;;
M;[7616185446774][SAM38AA0L26042804];2003854068705;7616185446774;Scott Contrail 40 Black L - 426933;;;;Mountain Bike;;;;Multi;Multi;911.9552;911.9552;;;;;;;;;;;;SAM38AA0L26042804;;;;
M;[7616185446774][SAM38AA0L26042805];2006095176307;7616185446774;Scott Contrail 40 Black L - 426933;;;;Mountain Bike;;;;Multi;Multi;911.9552;911.9552;;;;;;;;;;;;SAM38AA0L26042805;;;;
M;[7616185446774][SAM38AA0L26042813];2007335545105;7616185446774;Scott Contrail 40 Black L - 426933;;;;Mountain Bike;;;;Multi;Multi;911.9552;911.9552;;;;;;;;;;;;SAM38AA0L26042813;;;;
M;[7616185446774][SAM38AA0L26042815];2008880739704;7616185446774;Scott Contrail 40 Black L - 426933;;;;Mountain Bike;;;;Multi;Multi;911.9552;911.9552;;;;;;;;;;;;SAM38AA0L26042815;;;;
M;[7616185446781][SAM38AAXL26042054];2002264484402;7616185446781;Scott Contrail 40 Black XL - 426933;;;;Mountain Bike;;;;Multi;Multi;911.9552;911.9552;;;;;;;;;;;;SAM38AAXL26042054;;;;
M;[7616185446781][SAM38AAXL26042063];2000351682908;7616185446781;Scott Contrail 40 Black XL - 426933;;;;Mountain Bike;;;;Multi;Multi;911.9552;911.9552;;;;;;;;;;;;SAM38AAXL26042063;;;;
M;[7616185446781][SAM38AAXL26042070];2009637725902;7616185446781;Scott Contrail 40 Black XL - 426933;;;;Mountain Bike;;;;Multi;Multi;911.9552;911.9552;;;;;;;;;;;;SAM38AAXL26042070;;;;
M;[7616185446781][SAM38AAXL26042818];2004049479108;7616185446781;Scott Contrail 40 Black XL - 426933;;;;Mountain Bike;;;;Multi;Multi;911.9552;911.9552;;;;;;;;;;;;SAM38AAXL26042818;;;;
M;[7616185446781][SAM38AAXL26042820];2004525013000;7616185446781;Scott Contrail 40 Black XL - 426933;;;;Mountain Bike;;;;Multi;Multi;911.9552;911.9552;;;;;;;;;;;;SAM38AAXL26042820;;;;
M;[7616185446798][SAM38AA2L26042824];2006033606705;7616185446798;Scott Contrail 40 Black XXL - 426933;;;;Mountain Bike;;;;Multi;Multi;911.9552;911.9552;;;;;;;;;;;;SAM38AA2L26042824;;;;
M;[7616185446798][SAM38AA2L26042825];2009318469705;7616185446798;Scott Contrail 40 Black XXL - 426933;;;;Mountain Bike;;;;Multi;Multi;911.9552;911.9552;;;;;;;;;;;;SAM38AA2L26042825;;;;
M;[7616185446798][SAM38AA2L26042826];2000260795508;7616185446798;Scott Contrail 40 Black XXL - 426933;;;;Mountain Bike;;;;Multi;Multi;911.9552;911.9552;;;;;;;;;;;;SAM38AA2L26042826;;;;
M;[7616185446804][SAM38AAXS26042645];2009912436301;7616185446804;Scott Contrail 40 White XS - 426933;;;;Mountain Bike;;;;Multi;Multi;911.9552;911.9552;;;;;;;;;;;;SAM38AAXS26042645;;;;
M;[7616185446804][SAM38AAXS26042635];2001027733603;7616185446804;Scott Contrail 40 White XS - 426933;;;;Mountain Bike;;;;Multi;Multi;911.9552;911.9552;;;;;;;;;;;;SAM38AAXS26042635;;;;
M;[7616185446804][SAM38AAXS26042639];2005291925207;7616185446804;Scott Contrail 40 White XS - 426933;;;;Mountain Bike;;;;Multi;Multi;911.9552;911.9552;;;;;;;;;;;;SAM38AAXS26042639;;;;
M;[7616185446804][SAM38AAXS26042644];2008089515208;7616185446804;Scott Contrail 40 White XS - 426933;;;;Mountain Bike;;;;Multi;Multi;911.9552;911.9552;;;;;;;;;;;;SAM38AAXS26042644;;;;
M;[7616185446804][SAM38AAXS26042647];2007269932101;7616185446804;Scott Contrail 40 White XS - 426933;;;;Mountain Bike;;;;Multi;Multi;911.9552;911.9552;;;;;;;;;;;;SAM38AAXS26042647;;;;
M;[7616185446804][SAM38AAXS26042651];2005462085808;7616185446804;Scott Contrail 40 White XS - 426933;;;;Mountain Bike;;;;Multi;Multi;911.9552;911.9552;;;;;;;;;;;;SAM38AAXS26042651;;;;
M;[7616185446804][SAM38AAXS26042828];2008234320404;7616185446804;Scott Contrail 40 White XS - 426933;;;;Mountain Bike;;;;Multi;Multi;911.9552;911.9552;;;;;;;;;;;;SAM38AAXS26042828;;;;
M;[7616185446804][SAM38AAXS26042834];2006809648908;7616185446804;Scott Contrail 40 White XS - 426933;;;;Mountain Bike;;;;Multi;Multi;911.9552;911.9552;;;;;;;;;;;;SAM38AAXS26042834;;;;
M;[7616185446804][SAM38AAXS26042837];2007561821509;7616185446804;Scott Contrail 40 White XS - 426933;;;;Mountain Bike;;;;Multi;Multi;911.9552;911.9552;;;;;;;;;;;;SAM38AAXS26042837;;;;
M;[7616185446811][SAM38AA0S26042074];2002646026503;7616185446811;Scott Contrail 40 White S - 426933;;;;Mountain Bike;;;;Multi;Multi;911.9552;911.9552;;;;;;;;;;;;SAM38AA0S26042074;;;;
M;[7616185446811][SAM38AA0S26042343];2009816343002;7616185446811;Scott Contrail 40 White S - 426933;;;;Mountain Bike;;;;Multi;Multi;911.9552;911.9552;;;;;;;;;;;;SAM38AA0S26042343;;;;
M;[7616185446811][SAM38AA0S26042345];2002444281401;7616185446811;Scott Contrail 40 White S - 426933;;;;Mountain Bike;;;;Multi;Multi;911.9552;911.9552;;;;;;;;;;;;SAM38AA0S26042345;;;;
M;[7616185446811][SAM38AA0S26042347];2005304272908;7616185446811;Scott Contrail 40 White S - 426933;;;;Mountain Bike;;;;Multi;Multi;911.9552;911.9552;;;;;;;;;;;;SAM38AA0S26042347;;;;
M;[7616185446811][SAM38AA0S26042451];2004986570609;7616185446811;Scott Contrail 40 White S - 426933;;;;Mountain Bike;;;;Multi;Multi;911.9552;911.9552;;;;;;;;;;;;SAM38AA0S26042451;;;;
M;[7616185446811][SAM38AA0S26042452];2001111684200;7616185446811;Scott Contrail 40 White S - 426933;;;;Mountain Bike;;;;Multi;Multi;911.9552;911.9552;;;;;;;;;;;;SAM38AA0S26042452;;;;
M;[7616185446811][SAM38AA0S26042458];2009437116009;7616185446811;Scott Contrail 40 White S - 426933;;;;Mountain Bike;;;;Multi;Multi;911.9552;911.9552;;;;;;;;;;;;SAM38AA0S26042458;;;;
M;[7616185446811][SAM38AA0S26042655];2007723381902;7616185446811;Scott Contrail 40 White S - 426933;;;;Mountain Bike;;;;Multi;Multi;911.9552;911.9552;;;;;;;;;;;;SAM38AA0S26042655;;;;
M;[7616185446811][SAM38AA0S26042660];2000960239807;7616185446811;Scott Contrail 40 White S - 426933;;;;Mountain Bike;;;;Multi;Multi;911.9552;911.9552;;;;;;;;;;;;SAM38AA0S26042660;;;;
M;[7616185446811][SAM38AA0S26042661];2003496668301;7616185446811;Scott Contrail 40 White S - 426933;;;;Mountain Bike;;;;Multi;Multi;911.9552;911.9552;;;;;;;;;;;;SAM38AA0S26042661;;;;
M;[7616185446811][SAM38AA0S26042668];2002857693402;7616185446811;Scott Contrail 40 White S - 426933;;;;Mountain Bike;;;;Multi;Multi;911.9552;911.9552;;;;;;;;;;;;SAM38AA0S26042668;;;;
M;[7616185446811][SAM38AA0S26042671];2004073090904;7616185446811;Scott Contrail 40 White S - 426933;;;;Mountain Bike;;;;Multi;Multi;911.9552;911.9552;;;;;;;;;;;;SAM38AA0S26042671;;;;
M;[7616185446811][SAM38AA0S26042673];2004854234206;7616185446811;Scott Contrail 40 White S - 426933;;;;Mountain Bike;;;;Multi;Multi;911.9552;911.9552;;;;;;;;;;;;SAM38AA0S26042673;;;;
M;[7616185446811][SAM38AA0S26042678];2007541749908;7616185446811;Scott Contrail 40 White S - 426933;;;;Mountain Bike;;;;Multi;Multi;911.9552;911.9552;;;;;;;;;;;;SAM38AA0S26042678;;;;
M;[7616185446811][SAM38AA0S26042679];2007493730207;7616185446811;Scott Contrail 40 White S - 426933;;;;Mountain Bike;;;;Multi;Multi;911.9552;911.9552;;;;;;;;;;;;SAM38AA0S26042679;;;;
M;[7616185446811][SAM38AA0S26042842];2009462902004;7616185446811;Scott Contrail 40 White S - 426933;;;;Mountain Bike;;;;Multi;Multi;911.9552;911.9552;;;;;;;;;;;;SAM38AA0S26042842;;;;
M;[7616185446811][SAM38AA0S26042846];2009571943202;7616185446811;Scott Contrail 40 White S - 426933;;;;Mountain Bike;;;;Multi;Multi;911.9552;911.9552;;;;;;;;;;;;SAM38AA0S26042846;;;;
M;[7616185446811][SAM38AA0S26042847];2003271993000;7616185446811;Scott Contrail 40 White S - 426933;;;;Mountain Bike;;;;Multi;Multi;911.9552;911.9552;;;;;;;;;;;;SAM38AA0S26042847;;;;
M;[7616185446811][SAM38AA0S26042848];2000614963300;7616185446811;Scott Contrail 40 White S - 426933;;;;Mountain Bike;;;;Multi;Multi;911.9552;911.9552;;;;;;;;;;;;SAM38AA0S26042848;;;;
M;[7616185446828][SAM38AA0M26042110];2003137890603;7616185446828;Scott Contrail 40 White M - 426933;;;;Mountain Bike;;;;Multi;Multi;911.9552;911.9552;;;;;;;;;;;;SAM38AA0M26042110;;;;
M;[7616185446828][SAM38AA0M26042119];2002323621403;7616185446828;Scott Contrail 40 White M - 426933;;;;Mountain Bike;;;;Multi;Multi;911.9552;911.9552;;;;;;;;;;;;SAM38AA0M26042119;;;;
M;[7616185446828][SAM38AA0M26042701];2005102638807;7616185446828;Scott Contrail 40 White M - 426933;;;;Mountain Bike;;;;Multi;Multi;911.9552;911.9552;;;;;;;;;;;;SAM38AA0M26042701;;;;
M;[7616185446828][SAM38AA0M26042704];2008427777602;7616185446828;Scott Contrail 40 White M - 426933;;;;Mountain Bike;;;;Multi;Multi;911.9552;911.9552;;;;;;;;;;;;SAM38AA0M26042704;;;;
M;[7616185446828][SAM38AA0M26042714];2001178857401;7616185446828;Scott Contrail 40 White M - 426933;;;;Mountain Bike;;;;Multi;Multi;911.9552;911.9552;;;;;;;;;;;;SAM38AA0M26042714;;;;
M;[7616185446828][SAM38AA0M26042725];2001991869001;7616185446828;Scott Contrail 40 White M - 426933;;;;Mountain Bike;;;;Multi;Multi;911.9552;911.9552;;;;;;;;;;;;SAM38AA0M26042725;;;;
M;[7616185446828][SAM38AA0M26042866];2005363209006;7616185446828;Scott Contrail 40 White M - 426933;;;;Mountain Bike;;;;Multi;Multi;911.9552;911.9552;;;;;;;;;;;;SAM38AA0M26042866;;;;
M;[7616185446828][SAM38AA0M26042868];2000225758401;7616185446828;Scott Contrail 40 White M - 426933;;;;Mountain Bike;;;;Multi;Multi;911.9552;911.9552;;;;;;;;;;;;SAM38AA0M26042868;;;;
M;[7616185446828][SAM38AA0M26042875];2000231747406;7616185446828;Scott Contrail 40 White M - 426933;;;;Mountain Bike;;;;Multi;Multi;911.9552;911.9552;;;;;;;;;;;;SAM38AA0M26042875;;;;
M;[7616185446828][SAM38AA0M26042876];2003483286600;7616185446828;Scott Contrail 40 White M - 426933;;;;Mountain Bike;;;;Multi;Multi;911.9552;911.9552;;;;;;;;;;;;SAM38AA0M26042876;;;;
M;[7616185446828][SAM38AA0M26042111];2001087710804;7616185446828;Scott Contrail 40 White M - 426933;;;;Mountain Bike;;;;Multi;Multi;911.9552;911.9552;;;;;;;;;;;;SAM38AA0M26042111;;;;
M;[7616185446828][SAM38AA0M26042122];2007179993605;7616185446828;Scott Contrail 40 White M - 426933;;;;Mountain Bike;;;;Multi;Multi;911.9552;911.9552;;;;;;;;;;;;SAM38AA0M26042122;;;;
M;[7616185446828][SAM38AA0M26042129];2000761321800;7616185446828;Scott Contrail 40 White M - 426933;;;;Mountain Bike;;;;Multi;Multi;911.9552;911.9552;;;;;;;;;;;;SAM38AA0M26042129;;;;
M;[7616185446828][SAM38AA0M26042370];2007499548400;7616185446828;Scott Contrail 40 White M - 426933;;;;Mountain Bike;;;;Multi;Multi;911.9552;911.9552;;;;;;;;;;;;SAM38AA0M26042370;;;;
M;[7616185446828][SAM38AA0M26042466];2008067254808;7616185446828;Scott Contrail 40 White M - 426933;;;;Mountain Bike;;;;Multi;Multi;911.9552;911.9552;;;;;;;;;;;;SAM38AA0M26042466;;;;
M;[7616185446828][SAM38AA0M26042699];2008983629803;7616185446828;Scott Contrail 40 White M - 426933;;;;Mountain Bike;;;;Multi;Multi;911.9552;911.9552;;;;;;;;;;;;SAM38AA0M26042699;;;;
M;[7616185446828][SAM38AA0M26042707];2002865355606;7616185446828;Scott Contrail 40 White M - 426933;;;;Mountain Bike;;;;Multi;Multi;911.9552;911.9552;;;;;;;;;;;;SAM38AA0M26042707;;;;
M;[7616185446828][SAM38AA0M26042709];2000808556103;7616185446828;Scott Contrail 40 White M - 426933;;;;Mountain Bike;;;;Multi;Multi;911.9552;911.9552;;;;;;;;;;;;SAM38AA0M26042709;;;;
M;[7616185446828][SAM38AA0M26042862];2000656754607;7616185446828;Scott Contrail 40 White M - 426933;;;;Mountain Bike;;;;Multi;Multi;911.9552;911.9552;;;;;;;;;;;;SAM38AA0M26042862;;;;
M;[7616185446828][SAM38AA0M26042879];2009133141909;7616185446828;Scott Contrail 40 White M - 426933;;;;Mountain Bike;;;;Multi;Multi;911.9552;911.9552;;;;;;;;;;;;SAM38AA0M26042879;;;;
M;[7616185446835][SAM38AA0L26042151];2002512454300;7616185446835;Scott Contrail 40 White L - 426933;;;;Mountain Bike;;;;Multi;Multi;911.9552;911.9552;;;;;;;;;;;;SAM38AA0L26042151;;;;
M;[7616185446835][SAM38AA0L26042153];2002373962709;7616185446835;Scott Contrail 40 White L - 426933;;;;Mountain Bike;;;;Multi;Multi;911.9552;911.9552;;;;;;;;;;;;SAM38AA0L26042153;;;;
M;[7616185446835][SAM38AA0L26042155];2009135905400;7616185446835;Scott Contrail 40 White L - 426933;;;;Mountain Bike;;;;Multi;Multi;911.9552;911.9552;;;;;;;;;;;;SAM38AA0L26042155;;;;
M;[7616185446835][SAM38AA0L26042163];2004072682506;7616185446835;Scott Contrail 40 White L - 426933;;;;Mountain Bike;;;;Multi;Multi;911.9552;911.9552;;;;;;;;;;;;SAM38AA0L26042163;;;;
M;[7616185446835][SAM38AA0L26042172];2006121638403;7616185446835;Scott Contrail 40 White L - 426933;;;;Mountain Bike;;;;Multi;Multi;911.9552;911.9552;;;;;;;;;;;;SAM38AA0L26042172;;;;
M;[7616185446835][SAM38AA0L26042184];2008932919108;7616185446835;Scott Contrail 40 White L - 426933;;;;Mountain Bike;;;;Multi;Multi;911.9552;911.9552;;;;;;;;;;;;SAM38AA0L26042184;;;;
M;[7616185446835][SAM38AA0L26042187];2000331606702;7616185446835;Scott Contrail 40 White L - 426933;;;;Mountain Bike;;;;Multi;Multi;911.9552;911.9552;;;;;;;;;;;;SAM38AA0L26042187;;;;
M;[7616185446835][SAM38AA0L26042200];2000235857705;7616185446835;Scott Contrail 40 White L - 426933;;;;Mountain Bike;;;;Multi;Multi;911.9552;911.9552;;;;;;;;;;;;SAM38AA0L26042200;;;;
M;[7616185446835][SAM38AA0L26042473];2008783443708;7616185446835;Scott Contrail 40 White L - 426933;;;;Mountain Bike;;;;Multi;Multi;911.9552;911.9552;;;;;;;;;;;;SAM38AA0L26042473;;;;
M;[7616185446835][SAM38AA0L26042737];2007184379203;7616185446835;Scott Contrail 40 White L - 426933;;;;Mountain Bike;;;;Multi;Multi;911.9552;911.9552;;;;;;;;;;;;SAM38AA0L26042737;;;;
M;[7616185446866][SAM38AAXS26042377];2004676583506;7616185446866;Scott Contrail 40 White/Pink XS - 426933;;;;Mountain Bike;;;;Multi;Multi;911.9552;911.9552;;;;;;;;;;;;SAM38AAXS26042377;;;;
M;[7616185446866][SAM38AAXS26042378];2006401201600;7616185446866;Scott Contrail 40 White/Pink XS - 426933;;;;Mountain Bike;;;;Multi;Multi;911.9552;911.9552;;;;;;;;;;;;SAM38AAXS26042378;;;;
M;[7616185446866][SAM38AAXS26042385];2005350825608;7616185446866;Scott Contrail 40 White/Pink XS - 426933;;;;Mountain Bike;;;;Multi;Multi;911.9552;911.9552;;;;;;;;;;;;SAM38AAXS26042385;;;;
M;[7616185446866][SAM38AAXS26042390];2007716000902;7616185446866;Scott Contrail 40 White/Pink XS - 426933;;;;Mountain Bike;;;;Multi;Multi;911.9552;911.9552;;;;;;;;;;;;SAM38AAXS26042390;;;;
M;[7616185446866][SAM38AAXS26042897];2001624348200;7616185446866;Scott Contrail 40 White/Pink XS - 426933;;;;Mountain Bike;;;;Multi;Multi;911.9552;911.9552;;;;;;;;;;;;SAM38AAXS26042897;;;;
M;[7616185446866][SAM38AAXS26042900];2002237907402;7616185446866;Scott Contrail 40 White/Pink XS - 426933;;;;Mountain Bike;;;;Multi;Multi;911.9552;911.9552;;;;;;;;;;;;SAM38AAXS26042900;;;;
M;[7616185446866][SAM38AAXS26042901];2000386964109;7616185446866;Scott Contrail 40 White/Pink XS - 426933;;;;Mountain Bike;;;;Multi;Multi;911.9552;911.9552;;;;;;;;;;;;SAM38AAXS26042901;;;;
M;[7616185446866][SAM38AAXS26042946];2006453769707;7616185446866;Scott Contrail 40 White/Pink XS - 426933;;;;Mountain Bike;;;;Multi;Multi;911.9552;911.9552;;;;;;;;;;;;SAM38AAXS26042946;;;;
M;[7616185446866][SAM38AAXS26042952];2007124707806;7616185446866;Scott Contrail 40 White/Pink XS - 426933;;;;Mountain Bike;;;;Multi;Multi;911.9552;911.9552;;;;;;;;;;;;SAM38AAXS26042952;;;;
M;[7616185446873][SAM38AA0S26042250];2008547076500;7616185446873;Scott Contrail 40 White/Pink S - 426933;;;;Mountain Bike;;;;Multi;Multi;911.9552;911.9552;;;;;;;;;;;;SAM38AA0S26042250;;;;
M;[7616185446873][SAM38AA0S26042257];2002750591706;7616185446873;Scott Contrail 40 White/Pink S - 426933;;;;Mountain Bike;;;;Multi;Multi;911.9552;911.9552;;;;;;;;;;;;SAM38AA0S26042257;;;;
M;[7616185446873][SAM38AA0S26042399];2001107412206;7616185446873;Scott Contrail 40 White/Pink S - 426933;;;;Mountain Bike;;;;Multi;Multi;911.9552;911.9552;;;;;;;;;;;;SAM38AA0S26042399;;;;
M;[7616185446873][SAM38AA0S26042400];2007418057501;7616185446873;Scott Contrail 40 White/Pink S - 426933;;;;Mountain Bike;;;;Multi;Multi;911.9552;911.9552;;;;;;;;;;;;SAM38AA0S26042400;;;;
M;[7616185446873][SAM38AA0S26042405];2001137648101;7616185446873;Scott Contrail 40 White/Pink S - 426933;;;;Mountain Bike;;;;Multi;Multi;911.9552;911.9552;;;;;;;;;;;;SAM38AA0S26042405;;;;
M;[7616185446873][SAM38AA0S26042408];2000589938402;7616185446873;Scott Contrail 40 White/Pink S - 426933;;;;Mountain Bike;;;;Multi;Multi;911.9552;911.9552;;;;;;;;;;;;SAM38AA0S26042408;;;;
M;[7616185446873][SAM38AA0S26042903];2004109044406;7616185446873;Scott Contrail 40 White/Pink S - 426933;;;;Mountain Bike;;;;Multi;Multi;911.9552;911.9552;;;;;;;;;;;;SAM38AA0S26042903;;;;
M;[7616185446873][SAM38AA0S26042904];2000571004900;7616185446873;Scott Contrail 40 White/Pink S - 426933;;;;Mountain Bike;;;;Multi;Multi;911.9552;911.9552;;;;;;;;;;;;SAM38AA0S26042904;;;;
M;[7616185446873][SAM38AA0S26042905];2002190975203;7616185446873;Scott Contrail 40 White/Pink S - 426933;;;;Mountain Bike;;;;Multi;Multi;911.9552;911.9552;;;;;;;;;;;;SAM38AA0S26042905;;;;
M;[7616185446873][SAM38AA0S26042907];2005270376600;7616185446873;Scott Contrail 40 White/Pink S - 426933;;;;Mountain Bike;;;;Multi;Multi;911.9552;911.9552;;;;;;;;;;;;SAM38AA0S26042907;;;;
M;[7616185446873][SAM38AA0S26042909];2008329848905;7616185446873;Scott Contrail 40 White/Pink S - 426933;;;;Mountain Bike;;;;Multi;Multi;911.9552;911.9552;;;;;;;;;;;;SAM38AA0S26042909;;;;
M;[7616185446873][SAM38AA0S26042912];2002602662301;7616185446873;Scott Contrail 40 White/Pink S - 426933;;;;Mountain Bike;;;;Multi;Multi;911.9552;911.9552;;;;;;;;;;;;SAM38AA0S26042912;;;;
M;[7616185446873][SAM38AA0S26042916];2004727109105;7616185446873;Scott Contrail 40 White/Pink S - 426933;;;;Mountain Bike;;;;Multi;Multi;911.9552;911.9552;;;;;;;;;;;;SAM38AA0S26042916;;;;
M;[7616185446873][SAM38AA0S26042918];2008497561606;7616185446873;Scott Contrail 40 White/Pink S - 426933;;;;Mountain Bike;;;;Multi;Multi;911.9552;911.9552;;;;;;;;;;;;SAM38AA0S26042918;;;;
M;[7616185446873][SAM38AA0S26042919];2007375848907;7616185446873;Scott Contrail 40 White/Pink S - 426933;;;;Mountain Bike;;;;Multi;Multi;911.9552;911.9552;;;;;;;;;;;;SAM38AA0S26042919;;;;
M;[7616185446873][SAM38AA0S26042921];2007191701400;7616185446873;Scott Contrail 40 White/Pink S - 426933;;;;Mountain Bike;;;;Multi;Multi;911.9552;911.9552;;;;;;;;;;;;SAM38AA0S26042921;;;;
M;[7616185446873][SAM38AA0S26042923];2005416168502;7616185446873;Scott Contrail 40 White/Pink S - 426933;;;;Mountain Bike;;;;Multi;Multi;911.9552;911.9552;;;;;;;;;;;;SAM38AA0S26042923;;;;
M;[7616185446873][SAM38AA0S26042956];2001090054506;7616185446873;Scott Contrail 40 White/Pink S - 426933;;;;Mountain Bike;;;;Multi;Multi;911.9552;911.9552;;;;;;;;;;;;SAM38AA0S26042956;;;;
M;[7616185446873][SAM38AA0S26042958];2003934660409;7616185446873;Scott Contrail 40 White/Pink S - 426933;;;;Mountain Bike;;;;Multi;Multi;911.9552;911.9552;;;;;;;;;;;;SAM38AA0S26042958;;;;
M;[7616185446873][SAM38AA0S26042961];2008958828804;7616185446873;Scott Contrail 40 White/Pink S - 426933;;;;Mountain Bike;;;;Multi;Multi;911.9552;911.9552;;;;;;;;;;;;SAM38AA0S26042961;;;;
M;[7616185446880][SAM38AA0M26042261];2005398057207;7616185446880;Scott Contrail 40 White/Pink M - 426933;;;;Mountain Bike;;;;Multi;Multi;911.9552;911.9552;;;;;;;;;;;;SAM38AA0M26042261;;;;
M;[7616185446880][SAM38AA0M26042263];2004375335109;7616185446880;Scott Contrail 40 White/Pink M - 426933;;;;Mountain Bike;;;;Multi;Multi;911.9552;911.9552;;;;;;;;;;;;SAM38AA0M26042263;;;;
M;[7616185446880][SAM38AA0M26042264];2004875624802;7616185446880;Scott Contrail 40 White/Pink M - 426933;;;;Mountain Bike;;;;Multi;Multi;911.9552;911.9552;;;;;;;;;;;;SAM38AA0M26042264;;;;
M;[7616185446880][SAM38AA0M26042265];2001980222800;7616185446880;Scott Contrail 40 White/Pink M - 426933;;;;Mountain Bike;;;;Multi;Multi;911.9552;911.9552;;;;;;;;;;;;SAM38AA0M26042265;;;;
M;[7616185446880][SAM38AA0M26042268];2001840583102;7616185446880;Scott Contrail 40 White/Pink M - 426933;;;;Mountain Bike;;;;Multi;Multi;911.9552;911.9552;;;;;;;;;;;;SAM38AA0M26042268;;;;
M;[7616185446880][SAM38AA0M26042273];2000209397305;7616185446880;Scott Contrail 40 White/Pink M - 426933;;;;Mountain Bike;;;;Multi;Multi;911.9552;911.9552;;;;;;;;;;;;SAM38AA0M26042273;;;;
M;[7616185446880][SAM38AA0M26042927];2007259374300;7616185446880;Scott Contrail 40 White/Pink M - 426933;;;;Mountain Bike;;;;Multi;Multi;911.9552;911.9552;;;;;;;;;;;;SAM38AA0M26042927;;;;
M;[7616185446880][SAM38AA0M26042930];2006699745008;7616185446880;Scott Contrail 40 White/Pink M - 426933;;;;Mountain Bike;;;;Multi;Multi;911.9552;911.9552;;;;;;;;;;;;SAM38AA0M26042930;;;;
M;[7616185446880][SAM38AA0M26042933];2000650632802;7616185446880;Scott Contrail 40 White/Pink M - 426933;;;;Mountain Bike;;;;Multi;Multi;911.9552;911.9552;;;;;;;;;;;;SAM38AA0M26042933;;;;
M;[7616185446880][SAM38AA0M26042935];2002517800201;7616185446880;Scott Contrail 40 White/Pink M - 426933;;;;Mountain Bike;;;;Multi;Multi;911.9552;911.9552;;;;;;;;;;;;SAM38AA0M26042935;;;;
M;[7616185446880][SAM38AA0M26042936];2007172900808;7616185446880;Scott Contrail 40 White/Pink M - 426933;;;;Mountain Bike;;;;Multi;Multi;911.9552;911.9552;;;;;;;;;;;;SAM38AA0M26042936;;;;
M;[7616185446880][SAM38AA0M26042938];2007915726207;7616185446880;Scott Contrail 40 White/Pink M - 426933;;;;Mountain Bike;;;;Multi;Multi;911.9552;911.9552;;;;;;;;;;;;SAM38AA0M26042938;;;;
M;[7616185446880][SAM38AA0M26042939];2006850939109;7616185446880;Scott Contrail 40 White/Pink M - 426933;;;;Mountain Bike;;;;Multi;Multi;911.9552;911.9552;;;;;;;;;;;;SAM38AA0M26042939;;;;
M;[7616185446880][SAM38AA0M26042943];2005560653503;7616185446880;Scott Contrail 40 White/Pink M - 426933;;;;Mountain Bike;;;;Multi;Multi;911.9552;911.9552;;;;;;;;;;;;SAM38AA0M26042943;;;;
M;[7616185446880][SAM38AA0M26042944];2008066272001;7616185446880;Scott Contrail 40 White/Pink M - 426933;;;;Mountain Bike;;;;Multi;Multi;911.9552;911.9552;;;;;;;;;;;;SAM38AA0M26042944;;;;
M;[7616185446880][SAM38AA0M26042967];2009963626508;7616185446880;Scott Contrail 40 White/Pink M - 426933;;;;Mountain Bike;;;;Multi;Multi;911.9552;911.9552;;;;;;;;;;;;SAM38AA0M26042967;;;;
M;[7616185446880][SAM38AA0M26042971];2001871781805;7616185446880;Scott Contrail 40 White/Pink M - 426933;;;;Mountain Bike;;;;Multi;Multi;911.9552;911.9552;;;;;;;;;;;;SAM38AA0M26042971;;;;
M;[7616185446880][SAM38AA0M26042973];2002935263404;7616185446880;Scott Contrail 40 White/Pink M - 426933;;;;Mountain Bike;;;;Multi;Multi;911.9552;911.9552;;;;;;;;;;;;SAM38AA0M26042973;;;;
M;[7616185446880][SAM38AA0M26042974];2008366337707;7616185446880;Scott Contrail 40 White/Pink M - 426933;;;;Mountain Bike;;;;Multi;Multi;911.9552;911.9552;;;;;;;;;;;;SAM38AA0M26042974;;;;
M;[7616185490302][STM37F30S26020023A];2004899950000;7616185490302;Scott Spark RC Expert Tungsten Grey S - 427539;;;;Mountain Bike;;;;Multi;Multi;10976.41;10976.41;;;;;;;;;;;;STM37F30S26020023A;;;;
M;[7616185490302][STM37F30S26020028A];2003565019409;7616185490302;Scott Spark RC Expert Tungsten Grey S - 427539;;;;Mountain Bike;;;;Multi;Multi;10976.41;10976.41;;;;;;;;;;;;STM37F30S26020028A;;;;
M;[7616185490302][STM37F30S26020031A];2000745363505;7616185490302;Scott Spark RC Expert Tungsten Grey S - 427539;;;;Mountain Bike;;;;Multi;Multi;10976.41;10976.41;;;;;;;;;;;;STM37F30S26020031A;;;;
M;[7616185490319][STM37F30M25120147A];2001888341702;7616185490319;Scott Spark RC Expert Tungsten Grey M - 427539;;;;Mountain Bike;;;;Multi;Multi;9052.7125;9052.7125;;;;;;;;;;;;STM37F30M25120147A;;;;
M;[7616185490319][STM37F30M26020037A];2004673033608;7616185490319;Scott Spark RC Expert Tungsten Grey M - 427539;;;;Mountain Bike;;;;Multi;Multi;9052.7125;9052.7125;;;;;;;;;;;;STM37F30M26020037A;;;;
M;[7616185490319][STM37F30M26020046A];2006556677701;7616185490319;Scott Spark RC Expert Tungsten Grey M - 427539;;;;Mountain Bike;;;;Multi;Multi;9052.7125;9052.7125;;;;;;;;;;;;STM37F30M26020046A;;;;
M;[7616185490319][STM37F30M26020056A];2007286986903;7616185490319;Scott Spark RC Expert Tungsten Grey M - 427539;;;;Mountain Bike;;;;Multi;Multi;9052.7125;9052.7125;;;;;;;;;;;;STM37F30M26020056A;;;;
M;[7616185490326][STM37F30L26010230A];2008328843901;7616185490326;Scott Spark RC Expert Tungsten Grey L - 427539;;;;Mountain Bike;;;;Multi;Multi;10976.41;10976.41;;;;;;;;;;;;STM37F30L26010230A;;;;
M;[7616185490326][STM37F30L26010251A];2003360255804;7616185490326;Scott Spark RC Expert Tungsten Grey L - 427539;;;;Mountain Bike;;;;Multi;Multi;10976.41;10976.41;;;;;;;;;;;;STM37F30L26010251A;;;;
M;[7616185490333][STM37F3XL26010070A];2002207309908;7616185490333;Scott Spark RC Expert Tungsten Grey XL - 427539;;;;Mountain Bike;;;;Multi;Multi;9052.7125;9052.7125;;;;;;;;;;;;STM37F3XL26010070A;;;;
M;[7616185490333][STM37F3XL26030008A];2004694963908;7616185490333;Scott Spark RC Expert Tungsten Grey XL - 427539;;;;Mountain Bike;;;;Multi;Multi;9052.7125;9052.7125;;;;;;;;;;;;STM37F3XL26030008A;;;;
M;[7616185490944][STM37F30S26010125A];2009424260302;7616185490944;Scott Spark RC World Cup Cumulus White/Carbon Black S - 427536;;;;Mountain Bike;;;;Multi;Multi;16965.57;16965.57;;;;;;;;;;;;STM37F30S26010125A;;;;
M;[7616185490944][STM37F30S26010134A];2008802539207;7616185490944;Scott Spark RC World Cup Cumulus White/Carbon Black S - 427536;;;;Mountain Bike;;;;Multi;Multi;16965.57;16965.57;;;;;;;;;;;;STM37F30S26010134A;;;;
M;[7616185490951][STM37F30M26010280A];2002350437107;7616185490951;Scott Spark RC World Cup Cumulus White/Carbon Black M - 427536;;;;Mountain Bike;;;;Multi;Multi;13992.225;13992.225;;;;;;;;;;;;STM37F30M26010280A;;;;
M;[7616185490951][STM37F30M26010285A];2007747612303;7616185490951;Scott Spark RC World Cup Cumulus White/Carbon Black M - 427536;;;;Mountain Bike;;;;Multi;Multi;13992.225;13992.225;;;;;;;;;;;;STM37F30M26010285A;;;;
M;[7616185490968][STM37F30L26020169A];2001257412606;7616185490968;Scott Spark RC World Cup Cumulus White/Carbon Black L - 427536;;;;Mountain Bike;;;;Multi;Multi;16965.57;16965.57;;;;;;;;;;;;STM37F30L26020169A;;;;
M;[7616185490968][STM37F30L26020170A];2006217000701;7616185490968;Scott Spark RC World Cup Cumulus White/Carbon Black L - 427536;;;;Mountain Bike;;;;Multi;Multi;16965.57;16965.57;;;;;;;;;;;;STM37F30L26020170A;;;;
M;[7616185493952][SAU42AA0S26040018];2009637542004;7616185493952;Scott Sub Cross 40 Slope Atmosphere Grey S - 427691;;;;Mountain Bike;;;;Multi;Multi;950.6487;950.6487;;;;;;;;;;;;SAU42AA0S26040018;;;;
M;[7616185493952][SAU42AA0S26040023];2009832724601;7616185493952;Scott Sub Cross 40 Slope Atmosphere Grey S - 427691;;;;Mountain Bike;;;;Multi;Multi;950.6487;950.6487;;;;;;;;;;;;SAU42AA0S26040023;;;;
M;[7616185493952][SAU42AA0S26040052];2000773753903;7616185493952;Scott Sub Cross 40 Slope Atmosphere Grey S - 427691;;;;Mountain Bike;;;;Multi;Multi;950.6487;950.6487;;;;;;;;;;;;SAU42AA0S26040052;;;;
M;[7616185493952][SAU42AA0S26040057];2000128881909;7616185493952;Scott Sub Cross 40 Slope Atmosphere Grey S - 427691;;;;Mountain Bike;;;;Multi;Multi;950.6487;950.6487;;;;;;;;;;;;SAU42AA0S26040057;;;;
M;[7616185493952][SAU42AA0S26040067];2004650027101;7616185493952;Scott Sub Cross 40 Slope Atmosphere Grey S - 427691;;;;Mountain Bike;;;;Multi;Multi;950.6487;950.6487;;;;;;;;;;;;SAU42AA0S26040067;;;;
M;[7616185493952][SAU42AA0S26040071];2008490043901;7616185493952;Scott Sub Cross 40 Slope Atmosphere Grey S - 427691;;;;Mountain Bike;;;;Multi;Multi;950.6487;950.6487;;;;;;;;;;;;SAU42AA0S26040071;;;;
M;[7616185493952][SAU42AA0S26040080];2000470762901;7616185493952;Scott Sub Cross 40 Slope Atmosphere Grey S - 427691;;;;Mountain Bike;;;;Multi;Multi;950.6487;950.6487;;;;;;;;;;;;SAU42AA0S26040080;;;;
M;[7616185493952][SAU42AA0S26040086];2000204893901;7616185493952;Scott Sub Cross 40 Slope Atmosphere Grey S - 427691;;;;Mountain Bike;;;;Multi;Multi;950.6487;950.6487;;;;;;;;;;;;SAU42AA0S26040086;;;;
M;[7616185493952][SAU42AA0S26040096];2004701154008;7616185493952;Scott Sub Cross 40 Slope Atmosphere Grey S - 427691;;;;Mountain Bike;;;;Multi;Multi;950.6487;950.6487;;;;;;;;;;;;SAU42AA0S26040096;;;;
M;[7616185493952][SAU42AA0S26040098];2000727079202;7616185493952;Scott Sub Cross 40 Slope Atmosphere Grey S - 427691;;;;Mountain Bike;;;;Multi;Multi;950.6487;950.6487;;;;;;;;;;;;SAU42AA0S26040098;;;;
M;[7616185493952][SAU42AA0S26040127];2002046723101;7616185493952;Scott Sub Cross 40 Slope Atmosphere Grey S - 427691;;;;Mountain Bike;;;;Multi;Multi;950.6487;950.6487;;;;;;;;;;;;SAU42AA0S26040127;;;;
M;[7616185493952][SAU42AA0S26040147];2009507397604;7616185493952;Scott Sub Cross 40 Slope Atmosphere Grey S - 427691;;;;Mountain Bike;;;;Multi;Multi;950.6487;950.6487;;;;;;;;;;;;SAU42AA0S26040147;;;;
M;[7616185493952][SAU42AA0S26040526];2002263051506;7616185493952;Scott Sub Cross 40 Slope Atmosphere Grey S - 427691;;;;Mountain Bike;;;;Multi;Multi;950.6487;950.6487;;;;;;;;;;;;SAU42AA0S26040526;;;;
M;[7616185493952][SAU42AA0S26040537];2004335262100;7616185493952;Scott Sub Cross 40 Slope Atmosphere Grey S - 427691;;;;Mountain Bike;;;;Multi;Multi;950.6487;950.6487;;;;;;;;;;;;SAU42AA0S26040537;;;;
M;[7616185493952][SAU42AA0S26040575];2001013396409;7616185493952;Scott Sub Cross 40 Slope Atmosphere Grey S - 427691;;;;Mountain Bike;;;;Multi;Multi;950.6487;950.6487;;;;;;;;;;;;SAU42AA0S26040575;;;;
M;[7616185493969][SAU42AA0M26040182];2002877182108;7616185493969;Scott Sub Cross 40 Slope Atmosphere Grey M - 427691;;;;Mountain Bike;;;;Multi;Multi;933.3292;933.3292;;;;;;;;;;;;SAU42AA0M26040182;;;;
M;[7616185493969][SAU42AA0M26040187];2005112712603;7616185493969;Scott Sub Cross 40 Slope Atmosphere Grey M - 427691;;;;Mountain Bike;;;;Multi;Multi;933.3292;933.3292;;;;;;;;;;;;SAU42AA0M26040187;;;;
M;[7616185493969][SAU42AA0M26040193];2007413399200;7616185493969;Scott Sub Cross 40 Slope Atmosphere Grey M - 427691;;;;Mountain Bike;;;;Multi;Multi;933.3292;933.3292;;;;;;;;;;;;SAU42AA0M26040193;;;;
M;[7616185493969][SAU42AA0M26040199];2002043412800;7616185493969;Scott Sub Cross 40 Slope Atmosphere Grey M - 427691;;;;Mountain Bike;;;;Multi;Multi;933.3292;933.3292;;;;;;;;;;;;SAU42AA0M26040199;;;;
M;[7616185493969][SAU42AA0M26040215];2000107914901;7616185493969;Scott Sub Cross 40 Slope Atmosphere Grey M - 427691;;;;Mountain Bike;;;;Multi;Multi;933.3292;933.3292;;;;;;;;;;;;SAU42AA0M26040215;;;;
M;[7616185493969][SAU42AA0M26040225];2001008169506;7616185493969;Scott Sub Cross 40 Slope Atmosphere Grey M - 427691;;;;Mountain Bike;;;;Multi;Multi;933.3292;933.3292;;;;;;;;;;;;SAU42AA0M26040225;;;;
M;[7616185493969][SAU42AA0M26040226];2004020751506;7616185493969;Scott Sub Cross 40 Slope Atmosphere Grey M - 427691;;;;Mountain Bike;;;;Multi;Multi;933.3292;933.3292;;;;;;;;;;;;SAU42AA0M26040226;;;;
M;[7616185493969][SAU42AA0M26040259];2004295306609;7616185493969;Scott Sub Cross 40 Slope Atmosphere Grey M - 427691;;;;Mountain Bike;;;;Multi;Multi;933.3292;933.3292;;;;;;;;;;;;SAU42AA0M26040259;;;;
M;[7616185493969][SAU42AA0M26040274];2000245475302;7616185493969;Scott Sub Cross 40 Slope Atmosphere Grey M - 427691;;;;Mountain Bike;;;;Multi;Multi;933.3292;933.3292;;;;;;;;;;;;SAU42AA0M26040274;;;;
M;[7616185493969][SAU42AA0M26040284];2002244032005;7616185493969;Scott Sub Cross 40 Slope Atmosphere Grey M - 427691;;;;Mountain Bike;;;;Multi;Multi;933.3292;933.3292;;;;;;;;;;;;SAU42AA0M26040284;;;;
M;[7616185493969][SAU42AA0M26040285];2000537532508;7616185493969;Scott Sub Cross 40 Slope Atmosphere Grey M - 427691;;;;Mountain Bike;;;;Multi;Multi;933.3292;933.3292;;;;;;;;;;;;SAU42AA0M26040285;;;;
M;[7616185493969][SAU42AA0M26040315];2005670486800;7616185493969;Scott Sub Cross 40 Slope Atmosphere Grey M - 427691;;;;Mountain Bike;;;;Multi;Multi;933.3292;933.3292;;;;;;;;;;;;SAU42AA0M26040315;;;;
M;[7616185493969][SAU42AA0M26040343];2005293872301;7616185493969;Scott Sub Cross 40 Slope Atmosphere Grey M - 427691;;;;Mountain Bike;;;;Multi;Multi;933.3292;933.3292;;;;;;;;;;;;SAU42AA0M26040343;;;;
M;[7616185493969][SAU42AA0M26040358];2008060602903;7616185493969;Scott Sub Cross 40 Slope Atmosphere Grey M - 427691;;;;Mountain Bike;;;;Multi;Multi;933.3292;933.3292;;;;;;;;;;;;SAU42AA0M26040358;;;;
M;[7616185493969][SAU42AA0M26040384];2004776698506;7616185493969;Scott Sub Cross 40 Slope Atmosphere Grey M - 427691;;;;Mountain Bike;;;;Multi;Multi;933.3292;933.3292;;;;;;;;;;;;SAU42AA0M26040384;;;;
M;[7616185493969][SAU42AA0M26040544];2006822461201;7616185493969;Scott Sub Cross 40 Slope Atmosphere Grey M - 427691;;;;Mountain Bike;;;;Multi;Multi;933.3292;933.3292;;;;;;;;;;;;SAU42AA0M26040544;;;;
M;[7616185493976][SAU42AA0L26040416];2001701993804;7616185493976;Scott Sub Cross 40 Slope Atmosphere Grey L - 427691;;;;Mountain Bike;;;;Multi;Multi;962.195;962.195;;;;;;;;;;;;SAU42AA0L26040416;;;;
M;[7616185493976][SAU42AA0L26040435];2009025320702;7616185493976;Scott Sub Cross 40 Slope Atmosphere Grey L - 427691;;;;Mountain Bike;;;;Multi;Multi;962.195;962.195;;;;;;;;;;;;SAU42AA0L26040435;;;;
M;[7616185493976][SAU42AA0L26040446];2001018358501;7616185493976;Scott Sub Cross 40 Slope Atmosphere Grey L - 427691;;;;Mountain Bike;;;;Multi;Multi;962.195;962.195;;;;;;;;;;;;SAU42AA0L26040446;;;;
M;[7616185493976][SAU42AA0L26040453];2003316716601;7616185493976;Scott Sub Cross 40 Slope Atmosphere Grey L - 427691;;;;Mountain Bike;;;;Multi;Multi;962.195;962.195;;;;;;;;;;;;SAU42AA0L26040453;;;;
M;[7616185493976][SAU42AA0L26040456];2000993850208;7616185493976;Scott Sub Cross 40 Slope Atmosphere Grey L - 427691;;;;Mountain Bike;;;;Multi;Multi;962.195;962.195;;;;;;;;;;;;SAU42AA0L26040456;;;;
M;[7616185493976][SAU42AA0L26040464];2004507705206;7616185493976;Scott Sub Cross 40 Slope Atmosphere Grey L - 427691;;;;Mountain Bike;;;;Multi;Multi;962.195;962.195;;;;;;;;;;;;SAU42AA0L26040464;;;;
M;[7616185493976][SAU42AA0L26040467];2002268812508;7616185493976;Scott Sub Cross 40 Slope Atmosphere Grey L - 427691;;;;Mountain Bike;;;;Multi;Multi;962.195;962.195;;;;;;;;;;;;SAU42AA0L26040467;;;;
M;[7616185493976][SAU42AA0L26040471];2004613320508;7616185493976;Scott Sub Cross 40 Slope Atmosphere Grey L - 427691;;;;Mountain Bike;;;;Multi;Multi;962.195;962.195;;;;;;;;;;;;SAU42AA0L26040471;;;;
M;[7616185494119][SAU43AA0S26040515];2009730675401;7616185494119;Scott Sub Cross 40 Iron Grey S - 427690;;;;Mountain Bike;;;;Multi;Multi;962.195;962.195;;;;;;;;;;;;SAU43AA0S26040515;;;;
M;[7616185494119][SAU43AA0S26040523];2000162335208;7616185494119;Scott Sub Cross 40 Iron Grey S - 427690;;;;Mountain Bike;;;;Multi;Multi;962.195;962.195;;;;;;;;;;;;SAU43AA0S26040523;;;;
M;[7616185494119][SAU43AA0S26040539];2003120381101;7616185494119;Scott Sub Cross 40 Iron Grey S - 427690;;;;Mountain Bike;;;;Multi;Multi;962.195;962.195;;;;;;;;;;;;SAU43AA0S26040539;;;;
M;[7616185494119][SAU43AA0S26040541];2000862102803;7616185494119;Scott Sub Cross 40 Iron Grey S - 427690;;;;Mountain Bike;;;;Multi;Multi;962.195;962.195;;;;;;;;;;;;SAU43AA0S26040541;;;;
M;[7616185494119][SAU43AA0S26040544];2009750366907;7616185494119;Scott Sub Cross 40 Iron Grey S - 427690;;;;Mountain Bike;;;;Multi;Multi;962.195;962.195;;;;;;;;;;;;SAU43AA0S26040544;;;;
M;[7616185494119][SAU43AA0S26040546];2009599636902;7616185494119;Scott Sub Cross 40 Iron Grey S - 427690;;;;Mountain Bike;;;;Multi;Multi;962.195;962.195;;;;;;;;;;;;SAU43AA0S26040546;;;;
M;[7616185494119][SAU43AA0S26040553];2006431578000;7616185494119;Scott Sub Cross 40 Iron Grey S - 427690;;;;Mountain Bike;;;;Multi;Multi;962.195;962.195;;;;;;;;;;;;SAU43AA0S26040553;;;;
M;[7616185494119][SAU43AA0S26040689];2001857553303;7616185494119;Scott Sub Cross 40 Iron Grey S - 427690;;;;Mountain Bike;;;;Multi;Multi;962.195;962.195;;;;;;;;;;;;SAU43AA0S26040689;;;;
M;[7616185494119][SAU43AA0S26040755];2009475491700;7616185494119;Scott Sub Cross 40 Iron Grey S - 427690;;;;Mountain Bike;;;;Multi;Multi;962.195;962.195;;;;;;;;;;;;SAU43AA0S26040755;;;;
M;[7616185494126][SAU43AA0M26040208];2008881603301;7616185494126;Scott Sub Cross 40 Iron Grey M - 427690;;;;Mountain Bike;;;;Multi;Multi;962.195;962.195;;;;;;;;;;;;SAU43AA0M26040208;;;;
M;[7616185494126][SAU43AA0M26040562];2007853840300;7616185494126;Scott Sub Cross 40 Iron Grey M - 427690;;;;Mountain Bike;;;;Multi;Multi;962.195;962.195;;;;;;;;;;;;SAU43AA0M26040562;;;;
M;[7616185494126][SAU43AA0M26040565];2009126186504;7616185494126;Scott Sub Cross 40 Iron Grey M - 427690;;;;Mountain Bike;;;;Multi;Multi;962.195;962.195;;;;;;;;;;;;SAU43AA0M26040565;;;;
M;[7616185494126][SAU43AA0M26040566];2008945900407;7616185494126;Scott Sub Cross 40 Iron Grey M - 427690;;;;Mountain Bike;;;;Multi;Multi;962.195;962.195;;;;;;;;;;;;SAU43AA0M26040566;;;;
M;[7616185494126][SAU43AA0M26040568];2006269545601;7616185494126;Scott Sub Cross 40 Iron Grey M - 427690;;;;Mountain Bike;;;;Multi;Multi;962.195;962.195;;;;;;;;;;;;SAU43AA0M26040568;;;;
M;[7616185494126][SAU43AA0M26040569];2007569054305;7616185494126;Scott Sub Cross 40 Iron Grey M - 427690;;;;Mountain Bike;;;;Multi;Multi;962.195;962.195;;;;;;;;;;;;SAU43AA0M26040569;;;;
M;[7616185494126][SAU43AA0M26040577];2001579699006;7616185494126;Scott Sub Cross 40 Iron Grey M - 427690;;;;Mountain Bike;;;;Multi;Multi;962.195;962.195;;;;;;;;;;;;SAU43AA0M26040577;;;;
M;[7616185494126][SAU43AA0M26040579];2008645768208;7616185494126;Scott Sub Cross 40 Iron Grey M - 427690;;;;Mountain Bike;;;;Multi;Multi;962.195;962.195;;;;;;;;;;;;SAU43AA0M26040579;;;;
M;[7616185494126][SAU43AA0M26040585];2005842546004;7616185494126;Scott Sub Cross 40 Iron Grey M - 427690;;;;Mountain Bike;;;;Multi;Multi;962.195;962.195;;;;;;;;;;;;SAU43AA0M26040585;;;;
M;[7616185494126][SAU43AA0M26040589];2004379451409;7616185494126;Scott Sub Cross 40 Iron Grey M - 427690;;;;Mountain Bike;;;;Multi;Multi;962.195;962.195;;;;;;;;;;;;SAU43AA0M26040589;;;;
M;[7616185494126][SAU43AA0M26040590];2004111566309;7616185494126;Scott Sub Cross 40 Iron Grey M - 427690;;;;Mountain Bike;;;;Multi;Multi;962.195;962.195;;;;;;;;;;;;SAU43AA0M26040590;;;;
M;[7616185494126][SAU43AA0M26040601];2003406177800;7616185494126;Scott Sub Cross 40 Iron Grey M - 427690;;;;Mountain Bike;;;;Multi;Multi;962.195;962.195;;;;;;;;;;;;SAU43AA0M26040601;;;;
M;[7616185494126][SAU43AA0M26040607];2004431050809;7616185494126;Scott Sub Cross 40 Iron Grey M - 427690;;;;Mountain Bike;;;;Multi;Multi;962.195;962.195;;;;;;;;;;;;SAU43AA0M26040607;;;;
M;[7616185494126][SAU43AA0M26040624];2001224352904;7616185494126;Scott Sub Cross 40 Iron Grey M - 427690;;;;Mountain Bike;;;;Multi;Multi;962.195;962.195;;;;;;;;;;;;SAU43AA0M26040624;;;;
M;[7616185494126][SAU43AA0M26040715];2005519880905;7616185494126;Scott Sub Cross 40 Iron Grey M - 427690;;;;Mountain Bike;;;;Multi;Multi;962.195;962.195;;;;;;;;;;;;SAU43AA0M26040715;;;;
M;[7616185494126][SAU43AA0M26040761];2003224692806;7616185494126;Scott Sub Cross 40 Iron Grey M - 427690;;;;Mountain Bike;;;;Multi;Multi;962.195;962.195;;;;;;;;;;;;SAU43AA0M26040761;;;;
M;[7616185494126][SAU43AA0M26040762];2001582041700;7616185494126;Scott Sub Cross 40 Iron Grey M - 427690;;;;Mountain Bike;;;;Multi;Multi;962.195;962.195;;;;;;;;;;;;SAU43AA0M26040762;;;;
M;[7616185494126][SAU43AA0M26040766];2009592350607;7616185494126;Scott Sub Cross 40 Iron Grey M - 427690;;;;Mountain Bike;;;;Multi;Multi;962.195;962.195;;;;;;;;;;;;SAU43AA0M26040766;;;;
M;[7616185494133][SAU43AA0L26040267];2008635494605;7616185494133;Scott Sub Cross 40 Iron Grey L - 427690;;;;Mountain Bike;;;;Multi;Multi;962.195;962.195;;;;;;;;;;;;SAU43AA0L26040267;;;;
M;[7616185494133][SAU43AA0L26040271];2002229415700;7616185494133;Scott Sub Cross 40 Iron Grey L - 427690;;;;Mountain Bike;;;;Multi;Multi;962.195;962.195;;;;;;;;;;;;SAU43AA0L26040271;;;;
M;[7616185494133][SAU43AA0L26040290];2009974545003;7616185494133;Scott Sub Cross 40 Iron Grey L - 427690;;;;Mountain Bike;;;;Multi;Multi;962.195;962.195;;;;;;;;;;;;SAU43AA0L26040290;;;;
M;[7616185494133][SAU43AA0L26040297];2003300781905;7616185494133;Scott Sub Cross 40 Iron Grey L - 427690;;;;Mountain Bike;;;;Multi;Multi;962.195;962.195;;;;;;;;;;;;SAU43AA0L26040297;;;;
M;[7616185494133][SAU43AA0L26040303];2006601405105;7616185494133;Scott Sub Cross 40 Iron Grey L - 427690;;;;Mountain Bike;;;;Multi;Multi;962.195;962.195;;;;;;;;;;;;SAU43AA0L26040303;;;;
M;[7616185494133][SAU43AA0L26040358];2000855623506;7616185494133;Scott Sub Cross 40 Iron Grey L - 427690;;;;Mountain Bike;;;;Multi;Multi;962.195;962.195;;;;;;;;;;;;SAU43AA0L26040358;;;;
M;[7616185494133][SAU43AA0L26040369];2003416977803;7616185494133;Scott Sub Cross 40 Iron Grey L - 427690;;;;Mountain Bike;;;;Multi;Multi;962.195;962.195;;;;;;;;;;;;SAU43AA0L26040369;;;;
M;[7616185494133][SAU43AA0L26040379];2002903795807;7616185494133;Scott Sub Cross 40 Iron Grey L - 427690;;;;Mountain Bike;;;;Multi;Multi;962.195;962.195;;;;;;;;;;;;SAU43AA0L26040379;;;;
M;[7616185494133][SAU43AA0L26040633];2001474411703;7616185494133;Scott Sub Cross 40 Iron Grey L - 427690;;;;Mountain Bike;;;;Multi;Multi;962.195;962.195;;;;;;;;;;;;SAU43AA0L26040633;;;;
M;[7616185494133][SAU43AA0L26040641];2000362427208;7616185494133;Scott Sub Cross 40 Iron Grey L - 427690;;;;Mountain Bike;;;;Multi;Multi;962.195;962.195;;;;;;;;;;;;SAU43AA0L26040641;;;;
M;[7616185494133][SAU43AA0L26040718];2007585830600;7616185494133;Scott Sub Cross 40 Iron Grey L - 427690;;;;Mountain Bike;;;;Multi;Multi;962.195;962.195;;;;;;;;;;;;SAU43AA0L26040718;;;;
M;[7616185494133][SAU43AA0L26040723];2007710876404;7616185494133;Scott Sub Cross 40 Iron Grey L - 427690;;;;Mountain Bike;;;;Multi;Multi;962.195;962.195;;;;;;;;;;;;SAU43AA0L26040723;;;;
M;[7616185494133][SAU43AA0L26040724];2004472744002;7616185494133;Scott Sub Cross 40 Iron Grey L - 427690;;;;Mountain Bike;;;;Multi;Multi;962.195;962.195;;;;;;;;;;;;SAU43AA0L26040724;;;;
M;[7616185494133][SAU43AA0L26040725];2005323570405;7616185494133;Scott Sub Cross 40 Iron Grey L - 427690;;;;Mountain Bike;;;;Multi;Multi;962.195;962.195;;;;;;;;;;;;SAU43AA0L26040725;;;;
M;[7616185494133][SAU43AA0L26040736];2008873255808;7616185494133;Scott Sub Cross 40 Iron Grey L - 427690;;;;Mountain Bike;;;;Multi;Multi;962.195;962.195;;;;;;;;;;;;SAU43AA0L26040736;;;;
M;[7616185494133][SAU43AA0L26040781];2008756143109;7616185494133;Scott Sub Cross 40 Iron Grey L - 427690;;;;Mountain Bike;;;;Multi;Multi;962.195;962.195;;;;;;;;;;;;SAU43AA0L26040781;;;;
M;[7616185494133][SAU43AA0L26040801];2008484661005;7616185494133;Scott Sub Cross 40 Iron Grey L - 427690;;;;Mountain Bike;;;;Multi;Multi;962.195;962.195;;;;;;;;;;;;SAU43AA0L26040801;;;;
M;[7616185494133][SAU43AA0L26040804];2001005434508;7616185494133;Scott Sub Cross 40 Iron Grey L - 427690;;;;Mountain Bike;;;;Multi;Multi;962.195;962.195;;;;;;;;;;;;SAU43AA0L26040804;;;;
M;[7616185494133][SAU43AA0L26040806];2008975262506;7616185494133;Scott Sub Cross 40 Iron Grey L - 427690;;;;Mountain Bike;;;;Multi;Multi;962.195;962.195;;;;;;;;;;;;SAU43AA0L26040806;;;;
M;[7616185494140][SAU43AAXL26040449];2009507727500;7616185494140;Scott Sub Cross 40 Iron Grey XL - 427690;;;;Mountain Bike;;;;Multi;Multi;962.195;962.195;;;;;;;;;;;;SAU43AAXL26040449;;;;
M;[7616185494140][SAU43AAXL26040458];2001313824701;7616185494140;Scott Sub Cross 40 Iron Grey XL - 427690;;;;Mountain Bike;;;;Multi;Multi;962.195;962.195;;;;;;;;;;;;SAU43AAXL26040458;;;;
M;[7616185494140][SAU43AAXL26040740];2007760092700;7616185494140;Scott Sub Cross 40 Iron Grey XL - 427690;;;;Mountain Bike;;;;Multi;Multi;962.195;962.195;;;;;;;;;;;;SAU43AAXL26040740;;;;
M;[7616185494140][SAU43AAXL26040741];2000826844305;7616185494140;Scott Sub Cross 40 Iron Grey XL - 427690;;;;Mountain Bike;;;;Multi;Multi;962.195;962.195;;;;;;;;;;;;SAU43AAXL26040741;;;;
M;[7616185494140][SAU43AAXL26040743];2000140072408;7616185494140;Scott Sub Cross 40 Iron Grey XL - 427690;;;;Mountain Bike;;;;Multi;Multi;962.195;962.195;;;;;;;;;;;;SAU43AAXL26040743;;;;
M;[7616185494140][SAU43AAXL26040745];2002301995700;7616185494140;Scott Sub Cross 40 Iron Grey XL - 427690;;;;Mountain Bike;;;;Multi;Multi;962.195;962.195;;;;;;;;;;;;SAU43AAXL26040745;;;;
M;[7616185494140][SAU43AAXL26040746];2000733650402;7616185494140;Scott Sub Cross 40 Iron Grey XL - 427690;;;;Mountain Bike;;;;Multi;Multi;962.195;962.195;;;;;;;;;;;;SAU43AAXL26040746;;;;
M;[7616185494140][SAU43AAXL26040749];2004000715603;7616185494140;Scott Sub Cross 40 Iron Grey XL - 427690;;;;Mountain Bike;;;;Multi;Multi;962.195;962.195;;;;;;;;;;;;SAU43AAXL26040749;;;;
M;[7616185494140][SAU43AAXL26040808];2007711839002;7616185494140;Scott Sub Cross 40 Iron Grey XL - 427690;;;;Mountain Bike;;;;Multi;Multi;962.195;962.195;;;;;;;;;;;;SAU43AAXL26040808;;;;
M;[7616185494157][SAU43AA2L26040750];2004176687902;7616185494157;Scott Sub Cross 40 Iron Grey XXL - 427690;;;;Mountain Bike;;;;Multi;Multi;962.195;962.195;;;;;;;;;;;;SAU43AA2L26040750;;;;
M;[7616185494157][SAU43AA2L26040751];2001095404603;7616185494157;Scott Sub Cross 40 Iron Grey XXL - 427690;;;;Mountain Bike;;;;Multi;Multi;962.195;962.195;;;;;;;;;;;;SAU43AA2L26040751;;;;
M;[7616185499336][SAK28AA0026041380];2005385776005;7616185499336;Scott Roxter 200 Canal Blue - 427715;;;;Mountain Bike;;;;Multi;Multi;872.77;872.77;;;;;;;;;;;;SAK28AA0026041380;;;;
M;[7616185499336][SAK28AA0026041399];2007550225103;7616185499336;Scott Roxter 200 Canal Blue - 427715;;;;Mountain Bike;;;;Multi;Multi;872.77;872.77;;;;;;;;;;;;SAK28AA0026041399;;;;
M;[7616185499336][SAK28AA0026041421];2003980380801;7616185499336;Scott Roxter 200 Canal Blue - 427715;;;;Mountain Bike;;;;Multi;Multi;872.77;872.77;;;;;;;;;;;;SAK28AA0026041421;;;;
M;[7616185499336][SAK28AA0026041428];2001323534706;7616185499336;Scott Roxter 200 Canal Blue - 427715;;;;Mountain Bike;;;;Multi;Multi;872.77;872.77;;;;;;;;;;;;SAK28AA0026041428;;;;
M;[7616185499336][SAK28AA0026041435];2005698967404;7616185499336;Scott Roxter 200 Canal Blue - 427715;;;;Mountain Bike;;;;Multi;Multi;872.77;872.77;;;;;;;;;;;;SAK28AA0026041435;;;;
M;[7616185499336][SAK28AA0026041509];2007625488303;7616185499336;Scott Roxter 200 Canal Blue - 427715;;;;Mountain Bike;;;;Multi;Multi;872.77;872.77;;;;;;;;;;;;SAK28AA0026041509;;;;
M;[7616185499336][SAK28AA0026041531];2005416601900;7616185499336;Scott Roxter 200 Canal Blue - 427715;;;;Mountain Bike;;;;Multi;Multi;872.77;872.77;;;;;;;;;;;;SAK28AA0026041531;;;;
M;[7616185499336][SAK28AA0026041545];2002323918107;7616185499336;Scott Roxter 200 Canal Blue - 427715;;;;Mountain Bike;;;;Multi;Multi;872.77;872.77;;;;;;;;;;;;SAK28AA0026041545;;;;
M;[7616185499336][SAK28AA0026041549];2002957938007;7616185499336;Scott Roxter 200 Canal Blue - 427715;;;;Mountain Bike;;;;Multi;Multi;872.77;872.77;;;;;;;;;;;;SAK28AA0026041549;;;;
M;[7616185499336][SAK28AA0026041579];2004523392404;7616185499336;Scott Roxter 200 Canal Blue - 427715;;;;Mountain Bike;;;;Multi;Multi;872.77;872.77;;;;;;;;;;;;SAK28AA0026041579;;;;
M;[7616185499336][SAK28AA0026041603];2000366536401;7616185499336;Scott Roxter 200 Canal Blue - 427715;;;;Mountain Bike;;;;Multi;Multi;872.77;872.77;;;;;;;;;;;;SAK28AA0026041603;;;;
M;[7616185499336][SAK28AA0026042043];2007908347105;7616185499336;Scott Roxter 200 Canal Blue - 427715;;;;Mountain Bike;;;;Multi;Multi;872.77;872.77;;;;;;;;;;;;SAK28AA0026042043;;;;
M;[7616185499336][SAK28AA0026042074];2000934742609;7616185499336;Scott Roxter 200 Canal Blue - 427715;;;;Mountain Bike;;;;Multi;Multi;872.77;872.77;;;;;;;;;;;;SAK28AA0026042074;;;;
M;[7616185499336][SAK28AA0026042137];2005039663101;7616185499336;Scott Roxter 200 Canal Blue - 427715;;;;Mountain Bike;;;;Multi;Multi;872.77;872.77;;;;;;;;;;;;SAK28AA0026042137;;;;
M;[7616185499336][SAK28AA0026042282];2004899828903;7616185499336;Scott Roxter 200 Canal Blue - 427715;;;;Mountain Bike;;;;Multi;Multi;872.77;872.77;;;;;;;;;;;;SAK28AA0026042282;;;;
M;[7616185499336][SAK28AA0026042300];2001049025403;7616185499336;Scott Roxter 200 Canal Blue - 427715;;;;Mountain Bike;;;;Multi;Multi;872.77;872.77;;;;;;;;;;;;SAK28AA0026042300;;;;
M;[7616185499336][SAK28AA0026042309];2008594756509;7616185499336;Scott Roxter 200 Canal Blue - 427715;;;;Mountain Bike;;;;Multi;Multi;872.77;872.77;;;;;;;;;;;;SAK28AA0026042309;;;;
M;[7616185499336][SAK28AA0026042340];2003479851805;7616185499336;Scott Roxter 200 Canal Blue - 427715;;;;Mountain Bike;;;;Multi;Multi;872.77;872.77;;;;;;;;;;;;SAK28AA0026042340;;;;
M;[7616185499336][SAK28AA0026042351];2005981834208;7616185499336;Scott Roxter 200 Canal Blue - 427715;;;;Mountain Bike;;;;Multi;Multi;872.77;872.77;;;;;;;;;;;;SAK28AA0026042351;;;;
M;[7616185499336][SAK28AA0026042386];2007549013001;7616185499336;Scott Roxter 200 Canal Blue - 427715;;;;Mountain Bike;;;;Multi;Multi;872.77;872.77;;;;;;;;;;;;SAK28AA0026042386;;;;
M;[7616185499336][SAK28AA0026042396];2000281156104;7616185499336;Scott Roxter 200 Canal Blue - 427715;;;;Mountain Bike;;;;Multi;Multi;872.77;872.77;;;;;;;;;;;;SAK28AA0026042396;;;;
M;[7616185499336][SAK28AA0026042405];2002358769705;7616185499336;Scott Roxter 200 Canal Blue - 427715;;;;Mountain Bike;;;;Multi;Multi;872.77;872.77;;;;;;;;;;;;SAK28AA0026042405;;;;
M;[7616185499336][SAK28AA0026042445];2003645273905;7616185499336;Scott Roxter 200 Canal Blue - 427715;;;;Mountain Bike;;;;Multi;Multi;872.77;872.77;;;;;;;;;;;;SAK28AA0026042445;;;;
M;[7616185499336][SAK28AA0026042454];2008005612301;7616185499336;Scott Roxter 200 Canal Blue - 427715;;;;Mountain Bike;;;;Multi;Multi;872.77;872.77;;;;;;;;;;;;SAK28AA0026042454;;;;
M;[7616185499336][SAK28AA0026042466];2005384905406;7616185499336;Scott Roxter 200 Canal Blue - 427715;;;;Mountain Bike;;;;Multi;Multi;872.77;872.77;;;;;;;;;;;;SAK28AA0026042466;;;;
M;[7616185499336][SAK28AA0026042483];2005656343004;7616185499336;Scott Roxter 200 Canal Blue - 427715;;;;Mountain Bike;;;;Multi;Multi;872.77;872.77;;;;;;;;;;;;SAK28AA0026042483;;;;
M;[7616185499336][SAK28AA0026042493];2002228148401;7616185499336;Scott Roxter 200 Canal Blue - 427715;;;;Mountain Bike;;;;Multi;Multi;872.77;872.77;;;;;;;;;;;;SAK28AA0026042493;;;;
M;[7616185499336][SAK28AA0026042503];2004863361207;7616185499336;Scott Roxter 200 Canal Blue - 427715;;;;Mountain Bike;;;;Multi;Multi;872.77;872.77;;;;;;;;;;;;SAK28AA0026042503;;;;
M;[7616185499336][SAK28AA0026042898];2003053365605;7616185499336;Scott Roxter 200 Canal Blue - 427715;;;;Mountain Bike;;;;Multi;Multi;872.77;872.77;;;;;;;;;;;;SAK28AA0026042898;;;;
M;[7616185499336][SAK28AA0026042913];2002388695104;7616185499336;Scott Roxter 200 Canal Blue - 427715;;;;Mountain Bike;;;;Multi;Multi;872.77;872.77;;;;;;;;;;;;SAK28AA0026042913;;;;
M;[7616185499336][SAK28AA0026042923];2006140765906;7616185499336;Scott Roxter 200 Canal Blue - 427715;;;;Mountain Bike;;;;Multi;Multi;872.77;872.77;;;;;;;;;;;;SAK28AA0026042923;;;;
M;[7616185499336][SAK28AA0026043036];2004666980407;7616185499336;Scott Roxter 200 Canal Blue - 427715;;;;Mountain Bike;;;;Multi;Multi;872.77;872.77;;;;;;;;;;;;SAK28AA0026043036;;;;
M;[7616185499336][SAK28AA0026041357];2003039176409;7616185499336;Scott Roxter 200 Canal Blue - 427715;;;;Mountain Bike;;;;Multi;Multi;872.77;872.77;;;;;;;;;;;;SAK28AA0026041357;;;;
M;[7616185499336][SAK28AA0026041394];2004395508507;7616185499336;Scott Roxter 200 Canal Blue - 427715;;;;Mountain Bike;;;;Multi;Multi;872.77;872.77;;;;;;;;;;;;SAK28AA0026041394;;;;
M;[7616185499336][SAK28AA0026041572];2002281278107;7616185499336;Scott Roxter 200 Canal Blue - 427715;;;;Mountain Bike;;;;Multi;Multi;872.77;872.77;;;;;;;;;;;;SAK28AA0026041572;;;;
M;[7616185499336][SAK28AA0026042129];2004007791105;7616185499336;Scott Roxter 200 Canal Blue - 427715;;;;Mountain Bike;;;;Multi;Multi;872.77;872.77;;;;;;;;;;;;SAK28AA0026042129;;;;
M;[7616185499336][SAK28AA0026042271];2003083000507;7616185499336;Scott Roxter 200 Canal Blue - 427715;;;;Mountain Bike;;;;Multi;Multi;872.77;872.77;;;;;;;;;;;;SAK28AA0026042271;;;;
M;[7616185499343][SAK28AA0026041618];2000769478100;7616185499343;Scott Roxter 200 Zesty Yellow - 427715;;;;Mountain Bike;;;;Multi;Multi;872.77;872.77;;;;;;;;;;;;SAK28AA0026041618;;;;
M;[7616185499343][SAK28AA0026041622];2007211498600;7616185499343;Scott Roxter 200 Zesty Yellow - 427715;;;;Mountain Bike;;;;Multi;Multi;872.77;872.77;;;;;;;;;;;;SAK28AA0026041622;;;;
M;[7616185499343][SAK28AA0026041643];2002987828507;7616185499343;Scott Roxter 200 Zesty Yellow - 427715;;;;Mountain Bike;;;;Multi;Multi;872.77;872.77;;;;;;;;;;;;SAK28AA0026041643;;;;
M;[7616185499343][SAK28AA0026041646];2008617786308;7616185499343;Scott Roxter 200 Zesty Yellow - 427715;;;;Mountain Bike;;;;Multi;Multi;872.77;872.77;;;;;;;;;;;;SAK28AA0026041646;;;;
M;[7616185499343][SAK28AA0026041651];2006774527901;7616185499343;Scott Roxter 200 Zesty Yellow - 427715;;;;Mountain Bike;;;;Multi;Multi;872.77;872.77;;;;;;;;;;;;SAK28AA0026041651;;;;
M;[7616185499343][SAK28AA0026041707];2006184584204;7616185499343;Scott Roxter 200 Zesty Yellow - 427715;;;;Mountain Bike;;;;Multi;Multi;872.77;872.77;;;;;;;;;;;;SAK28AA0026041707;;;;
M;[7616185499343][SAK28AA0026041717];2008505515409;7616185499343;Scott Roxter 200 Zesty Yellow - 427715;;;;Mountain Bike;;;;Multi;Multi;872.77;872.77;;;;;;;;;;;;SAK28AA0026041717;;;;
M;[7616185499343][SAK28AA0026041739];2002118814805;7616185499343;Scott Roxter 200 Zesty Yellow - 427715;;;;Mountain Bike;;;;Multi;Multi;872.77;872.77;;;;;;;;;;;;SAK28AA0026041739;;;;
M;[7616185499343][SAK28AA0026041755];2006275706607;7616185499343;Scott Roxter 200 Zesty Yellow - 427715;;;;Mountain Bike;;;;Multi;Multi;872.77;872.77;;;;;;;;;;;;SAK28AA0026041755;;;;
M;[7616185499343][SAK28AA0026041763];2009887989901;7616185499343;Scott Roxter 200 Zesty Yellow - 427715;;;;Mountain Bike;;;;Multi;Multi;872.77;872.77;;;;;;;;;;;;SAK28AA0026041763;;;;
M;[7616185499343][SAK28AA0026041769];2008938468402;7616185499343;Scott Roxter 200 Zesty Yellow - 427715;;;;Mountain Bike;;;;Multi;Multi;872.77;872.77;;;;;;;;;;;;SAK28AA0026041769;;;;
M;[7616185499343][SAK28AA0026041770];2002825320002;7616185499343;Scott Roxter 200 Zesty Yellow - 427715;;;;Mountain Bike;;;;Multi;Multi;872.77;872.77;;;;;;;;;;;;SAK28AA0026041770;;;;
M;[7616185499343][SAK28AA0026041773];2000792447906;7616185499343;Scott Roxter 200 Zesty Yellow - 427715;;;;Mountain Bike;;;;Multi;Multi;872.77;872.77;;;;;;;;;;;;SAK28AA0026041773;;;;
M;[7616185499343][SAK28AA0026041786];2002636816800;7616185499343;Scott Roxter 200 Zesty Yellow - 427715;;;;Mountain Bike;;;;Multi;Multi;872.77;872.77;;;;;;;;;;;;SAK28AA0026041786;;;;
M;[7616185499343][SAK28AA0026041792];2009248421507;7616185499343;Scott Roxter 200 Zesty Yellow - 427715;;;;Mountain Bike;;;;Multi;Multi;872.77;872.77;;;;;;;;;;;;SAK28AA0026041792;;;;
M;[7616185499343][SAK28AA0026041803];2007207651101;7616185499343;Scott Roxter 200 Zesty Yellow - 427715;;;;Mountain Bike;;;;Multi;Multi;872.77;872.77;;;;;;;;;;;;SAK28AA0026041803;;;;
M;[7616185499343][SAK28AA0026041804];2000879182508;7616185499343;Scott Roxter 200 Zesty Yellow - 427715;;;;Mountain Bike;;;;Multi;Multi;872.77;872.77;;;;;;;;;;;;SAK28AA0026041804;;;;
M;[7616185499343][SAK28AA0026041806];2001673481507;7616185499343;Scott Roxter 200 Zesty Yellow - 427715;;;;Mountain Bike;;;;Multi;Multi;872.77;872.77;;;;;;;;;;;;SAK28AA0026041806;;;;
M;[7616185499343][SAK28AA0026041811];2006621201107;7616185499343;Scott Roxter 200 Zesty Yellow - 427715;;;;Mountain Bike;;;;Multi;Multi;872.77;872.77;;;;;;;;;;;;SAK28AA0026041811;;;;
M;[7616185499343][SAK28AA0026041825];2000573434507;7616185499343;Scott Roxter 200 Zesty Yellow - 427715;;;;Mountain Bike;;;;Multi;Multi;872.77;872.77;;;;;;;;;;;;SAK28AA0026041825;;;;
M;[7616185499343][SAK28AA0026041883];2004563710107;7616185499343;Scott Roxter 200 Zesty Yellow - 427715;;;;Mountain Bike;;;;Multi;Multi;872.77;872.77;;;;;;;;;;;;SAK28AA0026041883;;;;
M;[7616185499343][SAK28AA0026041886];2009973503400;7616185499343;Scott Roxter 200 Zesty Yellow - 427715;;;;Mountain Bike;;;;Multi;Multi;872.77;872.77;;;;;;;;;;;;SAK28AA0026041886;;;;
M;[7616185499343][SAK28AA0026041891];2000834151907;7616185499343;Scott Roxter 200 Zesty Yellow - 427715;;;;Mountain Bike;;;;Multi;Multi;872.77;872.77;;;;;;;;;;;;SAK28AA0026041891;;;;
M;[7616185499343][SAK28AA0026041899];2005819837401;7616185499343;Scott Roxter 200 Zesty Yellow - 427715;;;;Mountain Bike;;;;Multi;Multi;872.77;872.77;;;;;;;;;;;;SAK28AA0026041899;;;;
M;[7616185499343][SAK28AA0026041901];2008284758806;7616185499343;Scott Roxter 200 Zesty Yellow - 427715;;;;Mountain Bike;;;;Multi;Multi;872.77;872.77;;;;;;;;;;;;SAK28AA0026041901;;;;
M;[7616185499343][SAK28AA0026042180];2003347535905;7616185499343;Scott Roxter 200 Zesty Yellow - 427715;;;;Mountain Bike;;;;Multi;Multi;872.77;872.77;;;;;;;;;;;;SAK28AA0026042180;;;;
M;[7616185499343][SAK28AA0026042229];2003091494107;7616185499343;Scott Roxter 200 Zesty Yellow - 427715;;;;Mountain Bike;;;;Multi;Multi;872.77;872.77;;;;;;;;;;;;SAK28AA0026042229;;;;
M;[7616185499343][SAK28AA0026042247];2008040761408;7616185499343;Scott Roxter 200 Zesty Yellow - 427715;;;;Mountain Bike;;;;Multi;Multi;872.77;872.77;;;;;;;;;;;;SAK28AA0026042247;;;;
M;[7616185499343][SAK28AA0026042535];2000780493106;7616185499343;Scott Roxter 200 Zesty Yellow - 427715;;;;Mountain Bike;;;;Multi;Multi;872.77;872.77;;;;;;;;;;;;SAK28AA0026042535;;;;
M;[7616185499343][SAK28AA0026042544];2002531336007;7616185499343;Scott Roxter 200 Zesty Yellow - 427715;;;;Mountain Bike;;;;Multi;Multi;872.77;872.77;;;;;;;;;;;;SAK28AA0026042544;;;;
M;[7616185499343][SAK28AA0026042586];2002596748708;7616185499343;Scott Roxter 200 Zesty Yellow - 427715;;;;Mountain Bike;;;;Multi;Multi;872.77;872.77;;;;;;;;;;;;SAK28AA0026042586;;;;
M;[7616185499343][SAK28AA0026042588];2006219241201;7616185499343;Scott Roxter 200 Zesty Yellow - 427715;;;;Mountain Bike;;;;Multi;Multi;872.77;872.77;;;;;;;;;;;;SAK28AA0026042588;;;;
M;[7616185499343][SAK28AA0026042593];2007964153207;7616185499343;Scott Roxter 200 Zesty Yellow - 427715;;;;Mountain Bike;;;;Multi;Multi;872.77;872.77;;;;;;;;;;;;SAK28AA0026042593;;;;
M;[7616185499343][SAK28AA0026042603];2001006832907;7616185499343;Scott Roxter 200 Zesty Yellow - 427715;;;;Mountain Bike;;;;Multi;Multi;872.77;872.77;;;;;;;;;;;;SAK28AA0026042603;;;;
M;[7616185499343][SAK28AA0026042670];2001150062106;7616185499343;Scott Roxter 200 Zesty Yellow - 427715;;;;Mountain Bike;;;;Multi;Multi;872.77;872.77;;;;;;;;;;;;SAK28AA0026042670;;;;
M;[7616185499343][SAK28AA0026042707];2004775023606;7616185499343;Scott Roxter 200 Zesty Yellow - 427715;;;;Mountain Bike;;;;Multi;Multi;872.77;872.77;;;;;;;;;;;;SAK28AA0026042707;;;;
M;[7616185499343][SAK28AA0026043040];2007164171100;7616185499343;Scott Roxter 200 Zesty Yellow - 427715;;;;Mountain Bike;;;;Multi;Multi;872.77;872.77;;;;;;;;;;;;SAK28AA0026043040;;;;